County,State,Population 2000
,,
,,
Autauga County,Alabama,43671
Baldwin County,Alabama,140415
Barbour County,Alabama,29038
Bibb County,Alabama,20826
Blount County,Alabama,51024
Bullock County,Alabama,11714
Butler County,Alabama,21399
Calhoun County,Alabama,112249
Chambers County,Alabama,36583
Cherokee County,Alabama,23988
Chilton County,Alabama,39593
Choctaw County,Alabama,15922
Clarke County,Alabama,27867
Clay County,Alabama,14254
Cleburne County,Alabama,14123
Coffee County,Alabama,43615
Colbert County,Alabama,54984
Conecuh County,Alabama,14089
Coosa County,Alabama,12202
Covington County,Alabama,37631
Crenshaw County,Alabama,13665
Cullman County,Alabama,77483
Dale County,Alabama,49129
Dallas County,Alabama,46365
DeKalb County,Alabama,64452
Elmore County,Alabama,65874
Escambia County,Alabama,38440
Etowah County,Alabama,103459
Fayette County,Alabama,18495
Franklin County,Alabama,31223
Geneva County,Alabama,25764
Greene County,Alabama,9974
Hale County,Alabama,17185
Henry County,Alabama,16310
Houston County,Alabama,88787
Jackson County,Alabama,53926
Jefferson County,Alabama,662047
Lamar County,Alabama,15904
Lauderdale County,Alabama,87966
Lawrence County,Alabama,34803
Lee County,Alabama,115092
Limestone County,Alabama,65676
Lowndes County,Alabama,13473
Macon County,Alabama,24105
Madison County,Alabama,276700
Marengo County,Alabama,22539
Marion County,Alabama,31214
Marshall County,Alabama,82231
Mobile County,Alabama,399843
Monroe County,Alabama,24324
Montgomery County,Alabama,223510
Morgan County,Alabama,111064
Perry County,Alabama,11861
Pickens County,Alabama,20949
Pike County,Alabama,29605
Randolph County,Alabama,22380
Russell County,Alabama,49756
St. Clair County,Alabama,64742
Shelby County,Alabama,143293
Sumter County,Alabama,14798
Talladega County,Alabama,80321
Tallapoosa County,Alabama,41475
Tuscaloosa County,Alabama,164875
Walker County,Alabama,70713
Washington County,Alabama,18097
Wilcox County,Alabama,13183
Winston County,Alabama,24843
Aleutians East Borough,Alaska,2697
Aleutians West Census Area,Alaska,5465
"Anchorage, Municipality of",Alaska,260283
Bethel Census Area,Alaska,16006
Bristol Bay Borough,Alaska,1258
Denali Borough,Alaska,1893
Dillingham Census Area,Alaska,4922
Fairbanks North Star Borough,Alaska,82840
Haines Borough,Alaska,2392
Hoonah-Angoon Census Area,Alaska,
"Juneau, City and Borough",Alaska,30711
Kenai Peninsula Borough,Alaska,49691
Ketchikan Gateway Borough,Alaska,14070
Kodiak Island Borough,Alaska,13913
Lake and Peninsula Borough,Alaska,1823
Matanuska-Susitna Borough,Alaska,59322
Nome Census Area,Alaska,9196
North Slope Borough,Alaska,7385
Northwest Arctic Borough,Alaska,7208
Petersburg Census Area,Alaska,
Prince of Wales-Hyder Census Area,Alaska,6146
"Sitka, City and Borough of",Alaska,8835
"Skagway Borough, Municipality of",Alaska,3436
Southeast Fairbanks Census Area,Alaska,6174
Valdez-Cordova Census Area,Alaska,10195
Wade Hampton Census Area,Alaska,7028
"Wrangell, City and Borough of",Alaska,6684
"Yakutat, City and Borough of",Alaska,808
Yukon-Koyukuk Census Area,Alaska,6551
Apache County,Arizona,69423
Cochise County,Arizona,117755
Coconino County,Arizona,116320
Gila County,Arizona,51335
Graham County,Arizona,33489
Greenlee County,Arizona,8547
La Paz County,Arizona,19715
Maricopa County,Arizona,3072149
Mohave County,Arizona,155032
Navajo County,Arizona,97470
Pima County,Arizona,843746
Pinal County,Arizona,179727
Santa Cruz County,Arizona,38381
Yavapai County,Arizona,167517
Yuma County,Arizona,160026
Arkansas County,Arkansas,20749
Ashley County,Arkansas,24209
Baxter County,Arkansas,38386
Benton County,Arkansas,153406
Boone County,Arkansas,33948
Bradley County,Arkansas,12600
Calhoun County,Arkansas,5744
Carroll County,Arkansas,25357
Chicot County,Arkansas,14117
Clark County,Arkansas,23546
Clay County,Arkansas,17609
Cleburne County,Arkansas,24046
Cleveland County,Arkansas,8571
Columbia County,Arkansas,25603
Conway County,Arkansas,20336
Craighead County,Arkansas,82148
Crawford County,Arkansas,53247
Crittenden County,Arkansas,50866
Cross County,Arkansas,19526
Dallas County,Arkansas,9210
Desha County,Arkansas,15341
Drew County,Arkansas,18723
Faulkner County,Arkansas,86014
Franklin County,Arkansas,17771
Fulton County,Arkansas,11642
Garland County,Arkansas,88068
Grant County,Arkansas,16464
Greene County,Arkansas,37331
Hempstead County,Arkansas,23587
Hot Spring County,Arkansas,30353
Howard County,Arkansas,14300
Independence County,Arkansas,34233
Izard County,Arkansas,13249
Jackson County,Arkansas,18418
Jefferson County,Arkansas,84278
Johnson County,Arkansas,22781
Lafayette County,Arkansas,8559
Lawrence County,Arkansas,17774
Lee County,Arkansas,12580
Lincoln County,Arkansas,14492
Little River County,Arkansas,13628
Logan County,Arkansas,22486
Lonoke County,Arkansas,52828
Madison County,Arkansas,14243
Marion County,Arkansas,16140
Miller County,Arkansas,40443
Mississippi County,Arkansas,51979
Monroe County,Arkansas,10254
Montgomery County,Arkansas,9245
Nevada County,Arkansas,9955
Newton County,Arkansas,8608
Ouachita County,Arkansas,28790
Perry County,Arkansas,10209
Phillips County,Arkansas,26445
Pike County,Arkansas,11303
Poinsett County,Arkansas,25614
Polk County,Arkansas,20229
Pope County,Arkansas,54469
Prairie County,Arkansas,9539
Pulaski County,Arkansas,361474
Randolph County,Arkansas,18195
St. Francis County,Arkansas,29329
Saline County,Arkansas,83529
Scott County,Arkansas,10996
Searcy County,Arkansas,8261
Sebastian County,Arkansas,115071
Sevier County,Arkansas,15757
Sharp County,Arkansas,17119
Stone County,Arkansas,11499
Union County,Arkansas,45629
Van Buren County,Arkansas,16192
Washington County,Arkansas,157715
White County,Arkansas,67165
Woodruff County,Arkansas,8741
Yell County,Arkansas,21139
Alameda County,California,1443741
Alpine County,California,1208
Amador County,California,35100
Butte County,California,203171
Calaveras County,California,40554
Colusa County,California,18804
Contra Costa County,California,948816
Del Norte County,California,27507
El Dorado County,California,156299
Fresno County,California,799407
Glenn County,California,26453
Humboldt County,California,126518
Imperial County,California,142361
Inyo County,California,17945
Kern County,California,661645
Kings County,California,129461
Lake County,California,58309
Lassen County,California,33828
Los Angeles County,California,9519338
Madera County,California,123109
Marin County,California,247289
Mariposa County,California,17130
Mendocino County,California,86265
Merced County,California,210554
Modoc County,California,9449
Mono County,California,12853
Monterey County,California,401762
Napa County,California,124279
Nevada County,California,92033
Orange County,California,2846289
Placer County,California,248399
Plumas County,California,20824
Riverside County,California,1545387
Sacramento County,California,1223499
San Benito County,California,53234
San Bernardino County,California,1709434
San Diego County,California,2813833
"San Francisco, City and County of",California,776733
San Joaquin County,California,563598
San Luis Obispo County,California,246681
San Mateo County,California,707161
Santa Barbara County,California,399347
Santa Clara County,California,1682585
Santa Cruz County,California,255602
Shasta County,California,163256
Sierra County,California,3555
Siskiyou County,California,44301
Solano County,California,394542
Sonoma County,California,458614
Stanislaus County,California,446997
Sutter County,California,78930
Tehama County,California,56039
Trinity County,California,13022
Tulare County,California,368021
Tuolumne County,California,54501
Ventura County,California,753197
Yolo County,California,168660
Yuba County,California,60219
Adams County,Colorado,363857
Alamosa County,Colorado,14966
Arapahoe County,Colorado,487967
Archuleta County,Colorado,9898
Baca County,Colorado,4517
Bent County,Colorado,5998
Boulder County,Colorado,291288
"Broomfield, City and County of",Colorado,
Chaffee County,Colorado,16242
Cheyenne County,Colorado,2231
Clear Creek County,Colorado,9322
Conejos County,Colorado,8400
Costilla County,Colorado,3663
Crowley County,Colorado,5518
Custer County,Colorado,3503
Delta County,Colorado,27834
"Denver, City and County of",Colorado,554636
Dolores County,Colorado,1844
Douglas County,Colorado,175766
Eagle County,Colorado,41659
Elbert County,Colorado,19872
El Paso County,Colorado,516929
Fremont County,Colorado,46145
Garfield County,Colorado,43791
Gilpin County,Colorado,4757
Grand County,Colorado,12442
Gunnison County,Colorado,13956
Hinsdale County,Colorado,790
Huerfano County,Colorado,7862
Jackson County,Colorado,1577
Jefferson County,Colorado,527056
Kiowa County,Colorado,1622
Kit Carson County,Colorado,8011
Lake County,Colorado,7812
La Plata County,Colorado,43941
Larimer County,Colorado,251494
Las Animas County,Colorado,15207
Lincoln County,Colorado,6087
Logan County,Colorado,20504
Mesa County,Colorado,116255
Mineral County,Colorado,831
Moffat County,Colorado,13184
Montezuma County,Colorado,23830
Montrose County,Colorado,33432
Morgan County,Colorado,27171
Otero County,Colorado,20311
Ouray County,Colorado,3742
Park County,Colorado,14523
Phillips County,Colorado,4480
Pitkin County,Colorado,14872
Prowers County,Colorado,14483
Pueblo County,Colorado,141472
Rio Blanco County,Colorado,5986
Rio Grande County,Colorado,12413
Routt County,Colorado,19690
Saguache County,Colorado,5917
San Juan County,Colorado,558
San Miguel County,Colorado,6594
Sedgwick County,Colorado,2747
Summit County,Colorado,23548
Teller County,Colorado,20555
Washington County,Colorado,4926
Weld County,Colorado,180936
Yuma County,Colorado,9841
Fairfield County,Connecticut,882567
Hartford County,Connecticut,857183
Litchfield County,Connecticut,182193
Middlesex County,Connecticut,155071
New Haven County,Connecticut,824008
New London County,Connecticut,259088
Tolland County,Connecticut,136364
Windham County,Connecticut,109091
Kent County,Delaware,126697
New Castle County,Delaware,500265
Sussex County,Delaware,156638
District of Columbia,District of Columbia,572059
Alachua County,Florida,217955
Baker County,Florida,22259
Bay County,Florida,148217
Bradford County,Florida,26088
Brevard County,Florida,476230
Broward County,Florida,1623018
Calhoun County,Florida,13017
Charlotte County,Florida,141627
Citrus County,Florida,118085
Clay County,Florida,140814
Collier County,Florida,251377
Columbia County,Florida,56513
DeSoto County,Florida,32209
Dixie County,Florida,13827
Duval County,Florida,778879
Escambia County,Florida,294410
Flagler County,Florida,49832
Franklin County,Florida,11057
Gadsden County,Florida,45087
Gilchrist County,Florida,14437
Glades County,Florida,10576
Gulf County,Florida,13332
Hamilton County,Florida,13327
Hardee County,Florida,26938
Hendry County,Florida,36210
Hernando County,Florida,130802
Highlands County,Florida,87366
Hillsborough County,Florida,998948
Holmes County,Florida,18564
Indian River County,Florida,112947
Jackson County,Florida,46755
Jefferson County,Florida,12902
Lafayette County,Florida,7022
Lake County,Florida,210528
Lee County,Florida,440888
Leon County,Florida,239452
Levy County,Florida,34450
Liberty County,Florida,7021
Madison County,Florida,18733
Manatee County,Florida,264002
Marion County,Florida,258916
Martin County,Florida,126731
Miami-Dade County,Florida,2253362
Monroe County,Florida,79589
Nassau County,Florida,57663
Okaloosa County,Florida,170498
Okeechobee County,Florida,35910
Orange County,Florida,896344
Osceola County,Florida,172493
Palm Beach County,Florida,1131184
Pasco County,Florida,344765
Pinellas County,Florida,921482
Polk County,Florida,483924
Putnam County,Florida,70423
St. Johns County,Florida,123135
St. Lucie County,Florida,192695
Santa Rosa County,Florida,117743
Sarasota County,Florida,325957
Seminole County,Florida,365196
Sumter County,Florida,53345
Suwannee County,Florida,34844
Taylor County,Florida,19256
Union County,Florida,13442
Volusia County,Florida,443343
Wakulla County,Florida,22863
Walton County,Florida,40601
Washington County,Florida,20973
Appling County,Georgia,17419
Atkinson County,Georgia,7609
Bacon County,Georgia,10103
Baker County,Georgia,4074
Baldwin County,Georgia,44700
Banks County,Georgia,14422
Barrow County,Georgia,46144
Bartow County,Georgia,76019
Ben Hill County,Georgia,17484
Berrien County,Georgia,16235
Bibb County,Georgia,153887
Bleckley County,Georgia,11666
Brantley County,Georgia,14629
Brooks County,Georgia,16450
Bryan County,Georgia,23417
Bulloch County,Georgia,55983
Burke County,Georgia,22243
Butts County,Georgia,19522
Calhoun County,Georgia,6320
Camden County,Georgia,43664
Candler County,Georgia,9577
Carroll County,Georgia,87268
Catoosa County,Georgia,53282
Charlton County,Georgia,10282
Chatham County,Georgia,232048
Chattahoochee County,Georgia,14882
Chattooga County,Georgia,25470
Cherokee County,Georgia,141903
Clarke County,Georgia,101489
Clay County,Georgia,3357
Clayton County,Georgia,236517
Clinch County,Georgia,6878
Cobb County,Georgia,607751
Coffee County,Georgia,37413
Colquitt County,Georgia,42053
Columbia County,Georgia,89288
Cook County,Georgia,15771
Coweta County,Georgia,89215
Crawford County,Georgia,12495
Crisp County,Georgia,21996
Dade County,Georgia,15154
Dawson County,Georgia,15999
Decatur County,Georgia,28240
DeKalb County,Georgia,665865
Dodge County,Georgia,19171
Dooly County,Georgia,11525
Dougherty County,Georgia,96065
Douglas County,Georgia,92174
Early County,Georgia,12354
Echols County,Georgia,3754
Effingham County,Georgia,37535
Elbert County,Georgia,20511
Emanuel County,Georgia,21837
Evans County,Georgia,10495
Fannin County,Georgia,19798
Fayette County,Georgia,91263
Floyd County,Georgia,90565
Forsyth County,Georgia,98407
Franklin County,Georgia,20285
Fulton County,Georgia,816006
Gilmer County,Georgia,23456
Glascock County,Georgia,2556
Glynn County,Georgia,67568
Gordon County,Georgia,44104
Grady County,Georgia,23659
Greene County,Georgia,14406
Gwinnett County,Georgia,588448
Habersham County,Georgia,35902
Hall County,Georgia,139277
Hancock County,Georgia,10076
Haralson County,Georgia,25690
Harris County,Georgia,23695
Hart County,Georgia,22997
Heard County,Georgia,11012
Henry County,Georgia,119341
Houston County,Georgia,110765
Irwin County,Georgia,9931
Jackson County,Georgia,41589
Jasper County,Georgia,11426
Jeff Davis County,Georgia,12684
Jefferson County,Georgia,17266
Jenkins County,Georgia,8575
Johnson County,Georgia,8560
Jones County,Georgia,23639
Lamar County,Georgia,15912
Lanier County,Georgia,7241
Laurens County,Georgia,44874
Lee County,Georgia,24757
Liberty County,Georgia,61610
Lincoln County,Georgia,8348
Long County,Georgia,10304
Lowndes County,Georgia,92115
Lumpkin County,Georgia,21016
McDuffie County,Georgia,21231
McIntosh County,Georgia,10847
Macon County,Georgia,14074
Madison County,Georgia,25730
Marion County,Georgia,7144
Meriwether County,Georgia,22534
Miller County,Georgia,6383
Mitchell County,Georgia,23932
Monroe County,Georgia,21757
Montgomery County,Georgia,8270
Morgan County,Georgia,15457
Murray County,Georgia,36506
Muscogee County,Georgia,186291
Newton County,Georgia,62001
Oconee County,Georgia,26225
Oglethorpe County,Georgia,12635
Paulding County,Georgia,81678
Peach County,Georgia,23668
Pickens County,Georgia,22983
Pierce County,Georgia,15636
Pike County,Georgia,13688
Polk County,Georgia,38127
Pulaski County,Georgia,9588
Putnam County,Georgia,18812
Quitman County,Georgia,2598
Rabun County,Georgia,15050
Randolph County,Georgia,7791
Richmond County,Georgia,199775
Rockdale County,Georgia,70111
Schley County,Georgia,3766
Screven County,Georgia,15374
Seminole County,Georgia,9369
Spalding County,Georgia,58417
Stephens County,Georgia,25435
Stewart County,Georgia,5252
Sumter County,Georgia,33200
Talbot County,Georgia,6498
Taliaferro County,Georgia,2077
Tattnall County,Georgia,22305
Taylor County,Georgia,8815
Telfair County,Georgia,11794
Terrell County,Georgia,10970
Thomas County,Georgia,42737
Tift County,Georgia,38407
Toombs County,Georgia,26067
Towns County,Georgia,9319
Treutlen County,Georgia,6854
Troup County,Georgia,58779
Turner County,Georgia,9504
Twiggs County,Georgia,10590
Union County,Georgia,17289
Upson County,Georgia,27597
Walker County,Georgia,61053
Walton County,Georgia,60687
Ware County,Georgia,35483
Warren County,Georgia,6336
Washington County,Georgia,21176
Wayne County,Georgia,26565
Webster County,Georgia,2390
Wheeler County,Georgia,6179
White County,Georgia,19944
Whitfield County,Georgia,83525
Wilcox County,Georgia,8577
Wilkes County,Georgia,10687
Wilkinson County,Georgia,10220
Worth County,Georgia,21967
Hawaii County,Hawai_i,148677
"Honolulu, City and County of",Hawai_i,876156
Kalawao County,Hawai_i,147
Kauai County,Hawai_i,58463
Maui County,Hawai_i,128094
Ada County,Idaho,300904
Adams County,Idaho,3476
Bannock County,Idaho,75565
Bear Lake County,Idaho,6411
Benewah County,Idaho,9171
Bingham County,Idaho,41735
Blaine County,Idaho,18991
Boise County,Idaho,6670
Bonner County,Idaho,36835
Bonneville County,Idaho,82522
Boundary County,Idaho,9871
Butte County,Idaho,2899
Camas County,Idaho,991
Canyon County,Idaho,131441
Caribou County,Idaho,7304
Cassia County,Idaho,21416
Clark County,Idaho,1022
Clearwater County,Idaho,8930
Custer County,Idaho,4342
Elmore County,Idaho,29130
Franklin County,Idaho,11329
Fremont County,Idaho,11819
Gem County,Idaho,15181
Gooding County,Idaho,14155
Idaho County,Idaho,15511
Jefferson County,Idaho,19155
Jerome County,Idaho,18342
Kootenai County,Idaho,108685
Latah County,Idaho,34935
Lemhi County,Idaho,7806
Lewis County,Idaho,3747
Lincoln County,Idaho,4044
Madison County,Idaho,27467
Minidoka County,Idaho,20174
Nez Perce County,Idaho,37410
Oneida County,Idaho,4125
Owyhee County,Idaho,10644
Payette County,Idaho,20578
Power County,Idaho,7538
Shoshone County,Idaho,13771
Teton County,Idaho,5999
Twin Falls County,Idaho,64284
Valley County,Idaho,7651
Washington County,Idaho,9977
Adams County,Illinois,68277
Alexander County,Illinois,9590
Bond County,Illinois,17633
Boone County,Illinois,41786
Brown County,Illinois,6950
Bureau County,Illinois,35503
Calhoun County,Illinois,5084
Carroll County,Illinois,16674
Cass County,Illinois,13695
Champaign County,Illinois,179669
Christian County,Illinois,35372
Clark County,Illinois,17008
Clay County,Illinois,14560
Clinton County,Illinois,35535
Coles County,Illinois,53196
Cook County,Illinois,5376741
Crawford County,Illinois,20452
Cumberland County,Illinois,11253
DeKalb County,Illinois,88969
De Witt County,Illinois,16798
Douglas County,Illinois,19922
DuPage County,Illinois,904161
Edgar County,Illinois,19704
Edwards County,Illinois,6971
Effingham County,Illinois,34264
Fayette County,Illinois,21802
Ford County,Illinois,14241
Franklin County,Illinois,39018
Fulton County,Illinois,38250
Gallatin County,Illinois,6445
Greene County,Illinois,14761
Grundy County,Illinois,37535
Hamilton County,Illinois,8621
Hancock County,Illinois,20121
Hardin County,Illinois,4800
Henderson County,Illinois,8213
Henry County,Illinois,51020
Iroquois County,Illinois,31334
Jackson County,Illinois,59612
Jasper County,Illinois,10117
Jefferson County,Illinois,40045
Jersey County,Illinois,21668
Jo Daviess County,Illinois,22289
Johnson County,Illinois,12878
Kane County,Illinois,404119
Kankakee County,Illinois,103833
Kendall County,Illinois,54544
Knox County,Illinois,55836
Lake County,Illinois,644356
LaSalle County,Illinois,111509
Lawrence County,Illinois,15452
Lee County,Illinois,36062
Livingston County,Illinois,39678
Logan County,Illinois,31183
McDonough County,Illinois,32913
McHenry County,Illinois,260077
McLean County,Illinois,150433
Macon County,Illinois,114706
Macoupin County,Illinois,49019
Madison County,Illinois,258941
Marion County,Illinois,41691
Marshall County,Illinois,13180
Mason County,Illinois,16038
Massac County,Illinois,15161
Menard County,Illinois,12486
Mercer County,Illinois,16957
Monroe County,Illinois,27619
Montgomery County,Illinois,30652
Morgan County,Illinois,36616
Moultrie County,Illinois,14287
Ogle County,Illinois,51032
Peoria County,Illinois,183433
Perry County,Illinois,23094
Piatt County,Illinois,16365
Pike County,Illinois,17384
Pope County,Illinois,4413
Pulaski County,Illinois,7348
Putnam County,Illinois,6086
Randolph County,Illinois,33893
Richland County,Illinois,16149
Rock Island County,Illinois,149374
St. Clair County,Illinois,256082
Saline County,Illinois,26733
Sangamon County,Illinois,188951
Schuyler County,Illinois,7189
Scott County,Illinois,5537
Shelby County,Illinois,22893
Stark County,Illinois,6332
Stephenson County,Illinois,48979
Tazewell County,Illinois,128485
Union County,Illinois,18293
Vermilion County,Illinois,83919
Wabash County,Illinois,12937
Warren County,Illinois,18735
Washington County,Illinois,15148
Wayne County,Illinois,17151
White County,Illinois,15371
Whiteside County,Illinois,60653
Will County,Illinois,502266
Williamson County,Illinois,61296
Winnebago County,Illinois,278418
Woodford County,Illinois,35469
Adams County,Indiana,33625
Allen County,Indiana,331849
Bartholomew County,Indiana,71435
Benton County,Indiana,9421
Blackford County,Indiana,14048
Boone County,Indiana,46107
Brown County,Indiana,14957
Carroll County,Indiana,20165
Cass County,Indiana,40930
Clark County,Indiana,96472
Clay County,Indiana,26556
Clinton County,Indiana,33866
Crawford County,Indiana,10743
Daviess County,Indiana,29820
Dearborn County,Indiana,46109
Decatur County,Indiana,24555
DeKalb County,Indiana,40285
Delaware County,Indiana,118769
Dubois County,Indiana,39674
Elkhart County,Indiana,182791
Fayette County,Indiana,25588
Floyd County,Indiana,70823
Fountain County,Indiana,17954
Franklin County,Indiana,22151
Fulton County,Indiana,20511
Gibson County,Indiana,32500
Grant County,Indiana,73403
Greene County,Indiana,33157
Hamilton County,Indiana,182740
Hancock County,Indiana,55391
Harrison County,Indiana,34325
Hendricks County,Indiana,104093
Henry County,Indiana,48508
Howard County,Indiana,84964
Huntington County,Indiana,38075
Jackson County,Indiana,41335
Jasper County,Indiana,30043
Jay County,Indiana,21806
Jefferson County,Indiana,31705
Jennings County,Indiana,27554
Johnson County,Indiana,115209
Knox County,Indiana,39256
Kosciusko County,Indiana,74057
LaGrange County,Indiana,34909
Lake County,Indiana,484564
LaPorte County,Indiana,110106
Lawrence County,Indiana,45922
Madison County,Indiana,133358
Marion County,Indiana,860454
Marshall County,Indiana,45128
Martin County,Indiana,10369
Miami County,Indiana,36082
Monroe County,Indiana,120563
Montgomery County,Indiana,37629
Morgan County,Indiana,66689
Newton County,Indiana,14566
Noble County,Indiana,46275
Ohio County,Indiana,5623
Orange County,Indiana,19306
Owen County,Indiana,21786
Parke County,Indiana,17241
Perry County,Indiana,18899
Pike County,Indiana,12837
Porter County,Indiana,146798
Posey County,Indiana,27061
Pulaski County,Indiana,13755
Putnam County,Indiana,36019
Randolph County,Indiana,27401
Ripley County,Indiana,26523
Rush County,Indiana,18261
St. Joseph County,Indiana,265559
Scott County,Indiana,22960
Shelby County,Indiana,43445
Spencer County,Indiana,20391
Starke County,Indiana,23556
Steuben County,Indiana,33214
Sullivan County,Indiana,21751
Switzerland County,Indiana,9065
Tippecanoe County,Indiana,148955
Tipton County,Indiana,16577
Union County,Indiana,7349
Vanderburgh County,Indiana,171922
Vermillion County,Indiana,16788
Vigo County,Indiana,105848
Wabash County,Indiana,34960
Warren County,Indiana,8419
Warrick County,Indiana,52383
Washington County,Indiana,27223
Wayne County,Indiana,71097
Wells County,Indiana,27600
White County,Indiana,25267
Whitley County,Indiana,30707
Adair County,Iowa,8243
Adams County,Iowa,4482
Allamakee County,Iowa,14675
Appanoose County,Iowa,13721
Audubon County,Iowa,6830
Benton County,Iowa,25308
Black Hawk County,Iowa,128012
Boone County,Iowa,26224
Bremer County,Iowa,23325
Buchanan County,Iowa,21093
Buena Vista County,Iowa,20411
Butler County,Iowa,15305
Calhoun County,Iowa,11115
Carroll County,Iowa,21421
Cass County,Iowa,14684
Cedar County,Iowa,18187
Cerro Gordo County,Iowa,46447
Cherokee County,Iowa,13035
Chickasaw County,Iowa,13095
Clarke County,Iowa,9133
Clay County,Iowa,17372
Clayton County,Iowa,18678
Clinton County,Iowa,50149
Crawford County,Iowa,16942
Dallas County,Iowa,40750
Davis County,Iowa,8541
Decatur County,Iowa,8689
Delaware County,Iowa,18404
Des Moines County,Iowa,42351
Dickinson County,Iowa,16424
Dubuque County,Iowa,89143
Emmet County,Iowa,11027
Fayette County,Iowa,22008
Floyd County,Iowa,16900
Franklin County,Iowa,10704
Fremont County,Iowa,8010
Greene County,Iowa,10366
Grundy County,Iowa,12369
Guthrie County,Iowa,11353
Hamilton County,Iowa,16438
Hancock County,Iowa,12100
Hardin County,Iowa,18812
Harrison County,Iowa,15666
Henry County,Iowa,20336
Howard County,Iowa,9932
Humboldt County,Iowa,10381
Ida County,Iowa,7837
Iowa County,Iowa,15671
Jackson County,Iowa,20296
Jasper County,Iowa,37213
Jefferson County,Iowa,16181
Johnson County,Iowa,111006
Jones County,Iowa,20221
Keokuk County,Iowa,11400
Kossuth County,Iowa,17163
Lee County,Iowa,38052
Linn County,Iowa,191701
Louisa County,Iowa,12183
Lucas County,Iowa,9422
Lyon County,Iowa,11763
Madison County,Iowa,14019
Mahaska County,Iowa,22335
Marion County,Iowa,32052
Marshall County,Iowa,39311
Mills County,Iowa,14547
Mitchell County,Iowa,10874
Monona County,Iowa,10020
Monroe County,Iowa,8016
Montgomery County,Iowa,11771
Muscatine County,Iowa,41722
O'Brien County,Iowa,15102
Osceola County,Iowa,7003
Page County,Iowa,16976
Palo Alto County,Iowa,10147
Plymouth County,Iowa,24849
Pocahontas County,Iowa,8662
Polk County,Iowa,374601
Pottawattamie County,Iowa,87704
Poweshiek County,Iowa,18815
Ringgold County,Iowa,5469
Sac County,Iowa,11529
Scott County,Iowa,158668
Shelby County,Iowa,13173
Sioux County,Iowa,31589
Story County,Iowa,79981
Tama County,Iowa,18103
Taylor County,Iowa,6958
Union County,Iowa,12309
Van Buren County,Iowa,7809
Wapello County,Iowa,36051
Warren County,Iowa,40671
Washington County,Iowa,20670
Wayne County,Iowa,6730
Webster County,Iowa,40235
Winnebago County,Iowa,11723
Winneshiek County,Iowa,21310
Woodbury County,Iowa,103877
Worth County,Iowa,7909
Wright County,Iowa,14334
Allen County,Kansas,14385
Anderson County,Kansas,8110
Atchison County,Kansas,16774
Barber County,Kansas,5307
Barton County,Kansas,28205
Bourbon County,Kansas,15379
Brown County,Kansas,10724
Butler County,Kansas,59482
Chase County,Kansas,3030
Chautauqua County,Kansas,4359
Cherokee County,Kansas,22605
Cheyenne County,Kansas,3165
Clark County,Kansas,2390
Clay County,Kansas,8822
Cloud County,Kansas,10268
Coffey County,Kansas,8865
Comanche County,Kansas,1967
Cowley County,Kansas,36291
Crawford County,Kansas,38242
Decatur County,Kansas,3472
Dickinson County,Kansas,19344
Doniphan County,Kansas,8249
Douglas County,Kansas,99962
Edwards County,Kansas,3449
Elk County,Kansas,3261
Ellis County,Kansas,27507
Ellsworth County,Kansas,6525
Finney County,Kansas,40523
Ford County,Kansas,32458
Franklin County,Kansas,24784
Geary County,Kansas,27947
Gove County,Kansas,3068
Graham County,Kansas,2946
Grant County,Kansas,7909
Gray County,Kansas,5904
Greeley County,Kansas,1534
Greenwood County,Kansas,7673
Hamilton County,Kansas,2670
Harper County,Kansas,6536
Harvey County,Kansas,32869
Haskell County,Kansas,4307
Hodgeman County,Kansas,2085
Jackson County,Kansas,12657
Jefferson County,Kansas,18426
Jewell County,Kansas,3791
Johnson County,Kansas,451086
Kearny County,Kansas,4531
Kingman County,Kansas,8673
Kiowa County,Kansas,3278
Labette County,Kansas,22835
Lane County,Kansas,2155
Leavenworth County,Kansas,68691
Lincoln County,Kansas,3578
Linn County,Kansas,9570
Logan County,Kansas,3046
Lyon County,Kansas,35935
McPherson County,Kansas,29554
Marion County,Kansas,13361
Marshall County,Kansas,10965
Meade County,Kansas,4631
Miami County,Kansas,28351
Mitchell County,Kansas,6932
Montgomery County,Kansas,36252
Morris County,Kansas,6104
Morton County,Kansas,3496
Nemaha County,Kansas,10717
Neosho County,Kansas,16997
Ness County,Kansas,3454
Norton County,Kansas,5953
Osage County,Kansas,16712
Osborne County,Kansas,4452
Ottawa County,Kansas,6163
Pawnee County,Kansas,7233
Phillips County,Kansas,6001
Pottawatomie County,Kansas,18209
Pratt County,Kansas,9647
Rawlins County,Kansas,2966
Reno County,Kansas,64790
Republic County,Kansas,5835
Rice County,Kansas,10761
Riley County,Kansas,62843
Rooks County,Kansas,5685
Rush County,Kansas,3551
Russell County,Kansas,7370
Saline County,Kansas,53597
Scott County,Kansas,5120
Sedgwick County,Kansas,452869
Seward County,Kansas,22510
Shawnee County,Kansas,169871
Sheridan County,Kansas,2813
Sherman County,Kansas,6760
Smith County,Kansas,4536
Stafford County,Kansas,4789
Stanton County,Kansas,2406
Stevens County,Kansas,5463
Sumner County,Kansas,25946
Thomas County,Kansas,8180
Trego County,Kansas,3319
Wabaunsee County,Kansas,6885
Wallace County,Kansas,1749
Washington County,Kansas,6483
Wichita County,Kansas,2531
Wilson County,Kansas,10332
Woodson County,Kansas,3788
Wyandotte County,Kansas,157882
Adair County,Kentucky,17244
Allen County,Kentucky,17800
Anderson County,Kentucky,19111
Ballard County,Kentucky,8286
Barren County,Kentucky,38033
Bath County,Kentucky,11085
Bell County,Kentucky,30060
Boone County,Kentucky,85991
Bourbon County,Kentucky,19360
Boyd County,Kentucky,49752
Boyle County,Kentucky,27697
Bracken County,Kentucky,8279
Breathitt County,Kentucky,16100
Breckinridge County,Kentucky,18648
Bullitt County,Kentucky,61236
Butler County,Kentucky,13010
Caldwell County,Kentucky,13060
Calloway County,Kentucky,34177
Campbell County,Kentucky,88616
Carlisle County,Kentucky,5351
Carroll County,Kentucky,10155
Carter County,Kentucky,26889
Casey County,Kentucky,15447
Christian County,Kentucky,72265
Clark County,Kentucky,33144
Clay County,Kentucky,24556
Clinton County,Kentucky,9634
Crittenden County,Kentucky,9384
Cumberland County,Kentucky,7147
Daviess County,Kentucky,91545
Edmonson County,Kentucky,11644
Elliott County,Kentucky,6748
Estill County,Kentucky,15307
Fayette County,Kentucky,260512
Fleming County,Kentucky,13792
Floyd County,Kentucky,42441
Franklin County,Kentucky,47687
Fulton County,Kentucky,7752
Gallatin County,Kentucky,7870
Garrard County,Kentucky,14792
Grant County,Kentucky,22384
Graves County,Kentucky,37028
Grayson County,Kentucky,24053
Green County,Kentucky,11518
Greenup County,Kentucky,36891
Hancock County,Kentucky,8392
Hardin County,Kentucky,94174
Harlan County,Kentucky,33202
Harrison County,Kentucky,17983
Hart County,Kentucky,17445
Henderson County,Kentucky,44829
Henry County,Kentucky,15060
Hickman County,Kentucky,5262
Hopkins County,Kentucky,46519
Jackson County,Kentucky,13495
Jefferson County,Kentucky,693604
Jessamine County,Kentucky,39041
Johnson County,Kentucky,23445
Kenton County,Kentucky,151464
Knott County,Kentucky,17649
Knox County,Kentucky,31795
Larue County,Kentucky,13373
Laurel County,Kentucky,52715
Lawrence County,Kentucky,15569
Lee County,Kentucky,7916
Leslie County,Kentucky,12401
Letcher County,Kentucky,25277
Lewis County,Kentucky,14092
Lincoln County,Kentucky,23361
Livingston County,Kentucky,9804
Logan County,Kentucky,26573
Lyon County,Kentucky,8080
McCracken County,Kentucky,65514
McCreary County,Kentucky,17080
McLean County,Kentucky,9938
Madison County,Kentucky,70872
Magoffin County,Kentucky,13332
Marion County,Kentucky,18212
Marshall County,Kentucky,30125
Martin County,Kentucky,12578
Mason County,Kentucky,16800
Meade County,Kentucky,26349
Menifee County,Kentucky,6556
Mercer County,Kentucky,20817
Metcalfe County,Kentucky,10037
Monroe County,Kentucky,11756
Montgomery County,Kentucky,22554
Morgan County,Kentucky,13948
Muhlenberg County,Kentucky,31839
Nelson County,Kentucky,37477
Nicholas County,Kentucky,6813
Ohio County,Kentucky,22916
Oldham County,Kentucky,46178
Owen County,Kentucky,10547
Owsley County,Kentucky,4858
Pendleton County,Kentucky,14390
Perry County,Kentucky,29390
Pike County,Kentucky,68736
Powell County,Kentucky,13237
Pulaski County,Kentucky,56217
Robertson County,Kentucky,2266
Rockcastle County,Kentucky,16582
Rowan County,Kentucky,22094
Russell County,Kentucky,16315
Scott County,Kentucky,33061
Shelby County,Kentucky,33337
Simpson County,Kentucky,16405
Spencer County,Kentucky,11766
Taylor County,Kentucky,22927
Todd County,Kentucky,11971
Trigg County,Kentucky,12597
Trimble County,Kentucky,8125
Union County,Kentucky,15637
Warren County,Kentucky,92522
Washington County,Kentucky,10916
Wayne County,Kentucky,19923
Webster County,Kentucky,14120
Whitley County,Kentucky,35865
Wolfe County,Kentucky,7065
Woodford County,Kentucky,23208
Acadia Parish,Louisiana,58861
Allen Parish,Louisiana,25440
Ascension Parish,Louisiana,76627
Assumption Parish,Louisiana,23388
Avoyelles Parish,Louisiana,41481
Beauregard Parish,Louisiana,32986
Bienville Parish,Louisiana,15752
Bossier Parish,Louisiana,98310
Caddo Parish,Louisiana,252161
Calcasieu Parish,Louisiana,183577
Caldwell Parish,Louisiana,10560
Cameron Parish,Louisiana,9991
Catahoula Parish,Louisiana,10920
Claiborne Parish,Louisiana,16851
Concordia Parish,Louisiana,20247
De Soto Parish,Louisiana,25494
East Baton Rouge Parish,Louisiana,412852
East Carroll Parish,Louisiana,9421
East Feliciana Parish,Louisiana,21360
Evangeline Parish,Louisiana,35434
Franklin Parish,Louisiana,21263
Grant Parish,Louisiana,18698
Iberia Parish,Louisiana,73266
Iberville Parish,Louisiana,33320
Jackson Parish,Louisiana,15397
Jefferson Parish,Louisiana,455466
Jefferson Davis Parish,Louisiana,31435
Lafayette Parish,Louisiana,190503
Lafourche Parish,Louisiana,89974
LaSalle Parish,Louisiana,14282
Lincoln Parish,Louisiana,42509
Livingston Parish,Louisiana,91814
Madison Parish,Louisiana,13728
Morehouse Parish,Louisiana,31021
Natchitoches Parish,Louisiana,39080
Orleans Parish,Louisiana,484674
Ouachita Parish,Louisiana,147250
Plaquemines Parish,Louisiana,26757
Pointe Coupee Parish,Louisiana,22763
Rapides Parish,Louisiana,126337
Red River Parish,Louisiana,9622
Richland Parish,Louisiana,20981
Sabine Parish,Louisiana,23459
St. Bernard Parish,Louisiana,67229
St. Charles Parish,Louisiana,48072
St. Helena Parish,Louisiana,10525
St. James Parish,Louisiana,21216
St. John the Baptist Parish,Louisiana,43044
St. Landry Parish,Louisiana,87700
St. Martin Parish,Louisiana,48583
St. Mary Parish,Louisiana,53500
St. Tammany Parish,Louisiana,191268
Tangipahoa Parish,Louisiana,100588
Tensas Parish,Louisiana,6618
Terrebonne Parish,Louisiana,104503
Union Parish,Louisiana,22803
Vermilion Parish,Louisiana,53807
Vernon Parish,Louisiana,52531
Washington Parish,Louisiana,43926
Webster Parish,Louisiana,41831
West Baton Rouge Parish,Louisiana,21601
West Carroll Parish,Louisiana,12314
West Feliciana Parish,Louisiana,15111
Winn Parish,Louisiana,16894
Androscoggin County,Maine,103793
Aroostook County,Maine,73938
Cumberland County,Maine,265612
Franklin County,Maine,29467
Hancock County,Maine,51791
Kennebec County,Maine,117114
Knox County,Maine,39618
Lincoln County,Maine,33616
Oxford County,Maine,54755
Penobscot County,Maine,144919
Piscataquis County,Maine,17235
Sagadahoc County,Maine,35214
Somerset County,Maine,50888
Waldo County,Maine,36280
Washington County,Maine,33941
York County,Maine,186742
Allegany County,Maryland,74930
Anne Arundel County,Maryland,489656
Baltimore County,Maryland,754292
Calvert County,Maryland,74563
Caroline County,Maryland,29772
Carroll County,Maryland,150897
Cecil County,Maryland,85951
Charles County,Maryland,120546
Dorchester County,Maryland,30674
Frederick County,Maryland,195277
Garrett County,Maryland,29846
Harford County,Maryland,218590
Howard County,Maryland,247842
Kent County,Maryland,19197
Montgomery County,Maryland,873341
Prince George's County,Maryland,801515
Queen Anne's County,Maryland,40563
St. Mary's County,Maryland,86211
Somerset County,Maryland,24747
Talbot County,Maryland,33812
Washington County,Maryland,131923
Wicomico County,Maryland,84644
Worcester County,Maryland,46543
"Baltimore, City of",Maryland,651154
Barnstable County,Massachusetts,222230
Berkshire County,Massachusetts,134953
Bristol County,Massachusetts,534678
Dukes County,Massachusetts,14987
Essex County,Massachusetts,723419
Franklin County,Massachusetts,71535
Hampden County,Massachusetts,456228
Hampshire County,Massachusetts,152251
Middlesex County,Massachusetts,1465396
"Nantucket, Town and County of",Massachusetts,9520
Norfolk County,Massachusetts,650308
Plymouth County,Massachusetts,472822
Suffolk County,Massachusetts,689807
Worcester County,Massachusetts,750963
Alcona County,Michigan,11719
Alger County,Michigan,9862
Allegan County,Michigan,105665
Alpena County,Michigan,31314
Antrim County,Michigan,23110
Arenac County,Michigan,17269
Baraga County,Michigan,8746
Barry County,Michigan,56755
Bay County,Michigan,110157
Benzie County,Michigan,15998
Berrien County,Michigan,162453
Branch County,Michigan,45787
Calhoun County,Michigan,137985
Cass County,Michigan,51104
Charlevoix County,Michigan,26090
Cheboygan County,Michigan,26448
Chippewa County,Michigan,38543
Clare County,Michigan,31252
Clinton County,Michigan,64753
Crawford County,Michigan,14273
Delta County,Michigan,38520
Dickinson County,Michigan,27472
Eaton County,Michigan,103655
Emmet County,Michigan,31437
Genesee County,Michigan,436141
Gladwin County,Michigan,26023
Gogebic County,Michigan,17370
Grand Traverse County,Michigan,77654
Gratiot County,Michigan,42285
Hillsdale County,Michigan,46527
Houghton County,Michigan,36016
Huron County,Michigan,36079
Ingham County,Michigan,279320
Ionia County,Michigan,61518
Iosco County,Michigan,27339
Iron County,Michigan,13138
Isabella County,Michigan,63351
Jackson County,Michigan,158422
Kalamazoo County,Michigan,238603
Kalkaska County,Michigan,16571
Kent County,Michigan,574335
Keweenaw County,Michigan,2301
Lake County,Michigan,11333
Lapeer County,Michigan,87904
Leelanau County,Michigan,21119
Lenawee County,Michigan,98890
Livingston County,Michigan,156951
Luce County,Michigan,7024
Mackinac County,Michigan,11943
Macomb County,Michigan,788149
Manistee County,Michigan,24527
Marquette County,Michigan,64634
Mason County,Michigan,28274
Mecosta County,Michigan,40553
Menominee County,Michigan,25326
Midland County,Michigan,82874
Missaukee County,Michigan,14478
Monroe County,Michigan,145945
Montcalm County,Michigan,61266
Montmorency County,Michigan,10315
Muskegon County,Michigan,170200
Newaygo County,Michigan,47874
Oakland County,Michigan,1194156
Oceana County,Michigan,26873
Ogemaw County,Michigan,21645
Ontonagon County,Michigan,7818
Osceola County,Michigan,23197
Oscoda County,Michigan,9418
Otsego County,Michigan,23301
Ottawa County,Michigan,238314
Presque Isle County,Michigan,14411
Roscommon County,Michigan,25469
Saginaw County,Michigan,210039
St. Clair County,Michigan,164235
St. Joseph County,Michigan,62422
Sanilac County,Michigan,44547
Schoolcraft County,Michigan,8903
Shiawassee County,Michigan,71687
Tuscola County,Michigan,58266
Van Buren County,Michigan,76263
Washtenaw County,Michigan,322895
Wayne County,Michigan,2061162
Wexford County,Michigan,30484
Aitkin County,Minnesota,15301
Anoka County,Minnesota,298084
Becker County,Minnesota,30000
Beltrami County,Minnesota,39650
Benton County,Minnesota,34226
Big Stone County,Minnesota,5820
Blue Earth County,Minnesota,55941
Brown County,Minnesota,26911
Carlton County,Minnesota,31671
Carver County,Minnesota,70205
Cass County,Minnesota,27150
Chippewa County,Minnesota,13088
Chisago County,Minnesota,41101
Clay County,Minnesota,51229
Clearwater County,Minnesota,8423
Cook County,Minnesota,5168
Cottonwood County,Minnesota,12167
Crow Wing County,Minnesota,55099
Dakota County,Minnesota,355904
Dodge County,Minnesota,17731
Douglas County,Minnesota,32821
Faribault County,Minnesota,16181
Fillmore County,Minnesota,21122
Freeborn County,Minnesota,32584
Goodhue County,Minnesota,44127
Grant County,Minnesota,6289
Hennepin County,Minnesota,1116200
Houston County,Minnesota,19718
Hubbard County,Minnesota,18376
Isanti County,Minnesota,31287
Itasca County,Minnesota,43992
Jackson County,Minnesota,11268
Kanabec County,Minnesota,14996
Kandiyohi County,Minnesota,41203
Kittson County,Minnesota,5285
Koochiching County,Minnesota,14355
Lac qui Parle County,Minnesota,8067
Lake County,Minnesota,11058
Lake of the Woods County,Minnesota,4522
Le Sueur County,Minnesota,25426
Lincoln County,Minnesota,6429
Lyon County,Minnesota,25425
McLeod County,Minnesota,34898
Mahnomen County,Minnesota,5190
Marshall County,Minnesota,10155
Martin County,Minnesota,21802
Meeker County,Minnesota,22644
Mille Lacs County,Minnesota,22330
Morrison County,Minnesota,31712
Mower County,Minnesota,38603
Murray County,Minnesota,9165
Nicollet County,Minnesota,29771
Nobles County,Minnesota,20832
Norman County,Minnesota,7442
Olmsted County,Minnesota,124277
Otter Tail County,Minnesota,57159
Pennington County,Minnesota,13584
Pine County,Minnesota,26530
Pipestone County,Minnesota,9895
Polk County,Minnesota,31369
Pope County,Minnesota,11236
Ramsey County,Minnesota,511035
Red Lake County,Minnesota,4299
Redwood County,Minnesota,16815
Renville County,Minnesota,17154
Rice County,Minnesota,56665
Rock County,Minnesota,9721
Roseau County,Minnesota,16338
St. Louis County,Minnesota,200528
Scott County,Minnesota,89498
Sherburne County,Minnesota,64417
Sibley County,Minnesota,15356
Stearns County,Minnesota,133166
Steele County,Minnesota,33680
Stevens County,Minnesota,10053
Swift County,Minnesota,11956
Todd County,Minnesota,24426
Traverse County,Minnesota,4134
Wabasha County,Minnesota,21610
Wadena County,Minnesota,13713
Waseca County,Minnesota,19526
Washington County,Minnesota,201130
Watonwan County,Minnesota,11876
Wilkin County,Minnesota,7138
Winona County,Minnesota,49985
Wright County,Minnesota,89986
Yellow Medicine County,Minnesota,11080
Adams County,Mississippi,34340
Alcorn County,Mississippi,34558
Amite County,Mississippi,13599
Attala County,Mississippi,19661
Benton County,Mississippi,8026
Bolivar County,Mississippi,40633
Calhoun County,Mississippi,15069
Carroll County,Mississippi,10769
Chickasaw County,Mississippi,19440
Choctaw County,Mississippi,9758
Claiborne County,Mississippi,11831
Clarke County,Mississippi,17955
Clay County,Mississippi,21979
Coahoma County,Mississippi,30622
Copiah County,Mississippi,28757
Covington County,Mississippi,19407
DeSoto County,Mississippi,107199
Forrest County,Mississippi,72604
Franklin County,Mississippi,8448
George County,Mississippi,19144
Greene County,Mississippi,13299
Grenada County,Mississippi,23263
Hancock County,Mississippi,42967
Harrison County,Mississippi,189601
Hinds County,Mississippi,250800
Holmes County,Mississippi,21609
Humphreys County,Mississippi,11206
Issaquena County,Mississippi,2274
Itawamba County,Mississippi,22770
Jackson County,Mississippi,131420
Jasper County,Mississippi,18149
Jefferson County,Mississippi,9740
Jefferson Davis County,Mississippi,13962
Jones County,Mississippi,64958
Kemper County,Mississippi,10453
Lafayette County,Mississippi,38744
Lamar County,Mississippi,39070
Lauderdale County,Mississippi,78161
Lawrence County,Mississippi,13258
Leake County,Mississippi,20940
Lee County,Mississippi,75755
Leflore County,Mississippi,37947
Lincoln County,Mississippi,33166
Lowndes County,Mississippi,61586
Madison County,Mississippi,74674
Marion County,Mississippi,25595
Marshall County,Mississippi,34993
Monroe County,Mississippi,38014
Montgomery County,Mississippi,12189
Neshoba County,Mississippi,28684
Newton County,Mississippi,21838
Noxubee County,Mississippi,12548
Oktibbeha County,Mississippi,42902
Panola County,Mississippi,34274
Pearl River County,Mississippi,48621
Perry County,Mississippi,12138
Pike County,Mississippi,38940
Pontotoc County,Mississippi,26726
Prentiss County,Mississippi,25556
Quitman County,Mississippi,10117
Rankin County,Mississippi,115327
Scott County,Mississippi,28423
Sharkey County,Mississippi,6580
Simpson County,Mississippi,27639
Smith County,Mississippi,16182
Stone County,Mississippi,13622
Sunflower County,Mississippi,34369
Tallahatchie County,Mississippi,14903
Tate County,Mississippi,25370
Tippah County,Mississippi,20826
Tishomingo County,Mississippi,19163
Tunica County,Mississippi,9227
Union County,Mississippi,25362
Walthall County,Mississippi,15156
Warren County,Mississippi,49644
Washington County,Mississippi,62977
Wayne County,Mississippi,21216
Webster County,Mississippi,10294
Wilkinson County,Mississippi,10312
Winston County,Mississippi,20160
Yalobusha County,Mississippi,13051
Yazoo County,Mississippi,28149
Adair County,Missouri,24977
Andrew County,Missouri,16492
Atchison County,Missouri,6430
Audrain County,Missouri,25853
Barry County,Missouri,34010
Barton County,Missouri,12541
Bates County,Missouri,16653
Benton County,Missouri,17180
Bollinger County,Missouri,12029
Boone County,Missouri,135454
Buchanan County,Missouri,85998
Butler County,Missouri,40867
Caldwell County,Missouri,8969
Callaway County,Missouri,40766
Camden County,Missouri,37051
Cape Girardeau County,Missouri,68693
Carroll County,Missouri,10285
Carter County,Missouri,5941
Cass County,Missouri,82092
Cedar County,Missouri,13733
Chariton County,Missouri,8438
Christian County,Missouri,54285
Clark County,Missouri,7416
Clay County,Missouri,184006
Clinton County,Missouri,18979
Cole County,Missouri,71397
Cooper County,Missouri,16670
Crawford County,Missouri,22804
Dade County,Missouri,7923
Dallas County,Missouri,15661
Daviess County,Missouri,8016
DeKalb County,Missouri,11597
Dent County,Missouri,14927
Douglas County,Missouri,13084
Dunklin County,Missouri,33155
Franklin County,Missouri,93807
Gasconade County,Missouri,15342
Gentry County,Missouri,6861
Greene County,Missouri,240391
Grundy County,Missouri,10432
Harrison County,Missouri,8850
Henry County,Missouri,21997
Hickory County,Missouri,8940
Holt County,Missouri,5351
Howard County,Missouri,10212
Howell County,Missouri,37238
Iron County,Missouri,10697
Jackson County,Missouri,654880
Jasper County,Missouri,104686
Jefferson County,Missouri,198099
Johnson County,Missouri,48258
Knox County,Missouri,4361
Laclede County,Missouri,32513
Lafayette County,Missouri,32960
Lawrence County,Missouri,35204
Lewis County,Missouri,10494
Lincoln County,Missouri,38944
Linn County,Missouri,13754
Livingston County,Missouri,14558
Macon County,Missouri,21681
Madison County,Missouri,15762
Maries County,Missouri,11800
Marion County,Missouri,8903
McDonald County,Missouri,28289
Mercer County,Missouri,3757
Miller County,Missouri,23564
Mississippi County,Missouri,13427
Moniteau County,Missouri,14827
Monroe County,Missouri,9311
Montgomery County,Missouri,12136
Morgan County,Missouri,19309
New Madrid County,Missouri,19760
Newton County,Missouri,52636
Nodaway County,Missouri,21912
Oregon County,Missouri,10344
Osage County,Missouri,13062
Ozark County,Missouri,9542
Pemiscot County,Missouri,20047
Perry County,Missouri,18132
Pettis County,Missouri,39403
Phelps County,Missouri,39825
Pike County,Missouri,18351
Platte County,Missouri,73781
Polk County,Missouri,26992
Pulaski County,Missouri,41165
Putnam County,Missouri,5223
Ralls County,Missouri,9626
Randolph County,Missouri,24663
Ray County,Missouri,23354
Reynolds County,Missouri,6689
Ripley County,Missouri,13509
Saline County,Missouri,23756
Schuyler County,Missouri,4170
Scotland County,Missouri,4983
Scott County,Missouri,40422
Shannon County,Missouri,8324
Shelby County,Missouri,6799
St. Charles County,Missouri,283883
St. Clair County,Missouri,9652
St. Francois County,Missouri,55641
St. Louis County,Missouri,1016315
"St. Louis, City of",Missouri,348189
Ste. Genevieve County,Missouri,17842
Stoddard County,Missouri,29705
Stone County,Missouri,28658
Sullivan County,Missouri,7219
Taney County,Missouri,39703
Texas County,Missouri,23003
Vernon County,Missouri,20454
Warren County,Missouri,24525
Washington County,Missouri,23344
Wayne County,Missouri,13259
Webster County,Missouri,31045
Worth County,Missouri,2382
Wright County,Missouri,17955
Beaverhead County,Montana,9202
Big Horn County,Montana,12671
Blaine County,Montana,7009
Broadwater County,Montana,4385
Carbon County,Montana,9552
Carter County,Montana,1360
Cascade County,Montana,80357
Chouteau County,Montana,5970
Custer County,Montana,11696
Daniels County,Montana,2017
Dawson County,Montana,9059
Deer Lodge County,Montana,9417
Fallon County,Montana,2837
Fergus County,Montana,11893
Flathead County,Montana,74471
Gallatin County,Montana,67831
Garfield County,Montana,1279
Glacier County,Montana,13247
Golden Valley County,Montana,1042
Granite County,Montana,2830
Hill County,Montana,16673
Jefferson County,Montana,10049
Judith Basin County,Montana,2329
Lake County,Montana,26507
Lewis and Clark County,Montana,55716
Liberty County,Montana,2158
Lincoln County,Montana,18837
McCone County,Montana,1977
Madison County,Montana,6851
Meagher County,Montana,1932
Mineral County,Montana,3884
Missoula County,Montana,95802
Musselshell County,Montana,4497
Park County,Montana,15694
Petroleum County,Montana,493
Phillips County,Montana,4601
Pondera County,Montana,6424
Powder River County,Montana,1858
Powell County,Montana,7180
Prairie County,Montana,1199
Ravalli County,Montana,36070
Richland County,Montana,9667
Roosevelt County,Montana,10620
Rosebud County,Montana,9383
Sanders County,Montana,10227
Sheridan County,Montana,4105
Silver Bow County,Montana,34606
Stillwater County,Montana,8195
Sweet Grass County,Montana,3609
Teton County,Montana,6445
Toole County,Montana,5267
Treasure County,Montana,861
Valley County,Montana,7675
Wheatland County,Montana,2259
Wibaux County,Montana,1068
Yellowstone County,Montana,129352
Adams County,Nebraska,31151
Antelope County,Nebraska,7452
Arthur County,Nebraska,444
Banner County,Nebraska,819
Blaine County,Nebraska,583
Boone County,Nebraska,6259
Box Butte County,Nebraska,12158
Boyd County,Nebraska,2438
Brown County,Nebraska,3525
Buffalo County,Nebraska,42259
Burt County,Nebraska,7791
Butler County,Nebraska,8767
Cass County,Nebraska,24334
Cedar County,Nebraska,9615
Chase County,Nebraska,4068
Cherry County,Nebraska,6148
Cheyenne County,Nebraska,9830
Clay County,Nebraska,7039
Colfax County,Nebraska,10441
Cuming County,Nebraska,10203
Custer County,Nebraska,11793
Dakota County,Nebraska,20253
Dawes County,Nebraska,9060
Dawson County,Nebraska,24365
Deuel County,Nebraska,2098
Dixon County,Nebraska,6339
Dodge County,Nebraska,36160
Douglas County,Nebraska,463585
Dundy County,Nebraska,2292
Fillmore County,Nebraska,6634
Franklin County,Nebraska,3574
Frontier County,Nebraska,3099
Furnas County,Nebraska,5324
Gage County,Nebraska,22993
Garden County,Nebraska,2292
Garfield County,Nebraska,1902
Gosper County,Nebraska,2143
Grant County,Nebraska,747
Greeley County,Nebraska,2714
Hall County,Nebraska,53534
Hamilton County,Nebraska,9403
Harlan County,Nebraska,3786
Hayes County,Nebraska,1068
Hitchcock County,Nebraska,3111
Holt County,Nebraska,11551
Hooker County,Nebraska,783
Howard County,Nebraska,6567
Jefferson County,Nebraska,8333
Johnson County,Nebraska,4488
Kearney County,Nebraska,6882
Keith County,Nebraska,8875
Keya Paha County,Nebraska,983
Kimball County,Nebraska,4089
Knox County,Nebraska,9374
Lancaster County,Nebraska,250291
Lincoln County,Nebraska,34632
Logan County,Nebraska,774
Loup County,Nebraska,712
McPherson County,Nebraska,533
Madison County,Nebraska,35226
Merrick County,Nebraska,8204
Morrill County,Nebraska,5440
Nance County,Nebraska,4038
Nemaha County,Nebraska,7576
Nuckolls County,Nebraska,5057
Otoe County,Nebraska,15396
Pawnee County,Nebraska,3087
Perkins County,Nebraska,3200
Phelps County,Nebraska,9747
Pierce County,Nebraska,7857
Platte County,Nebraska,31662
Polk County,Nebraska,5639
Red Willow County,Nebraska,11448
Richardson County,Nebraska,9531
Rock County,Nebraska,1756
Saline County,Nebraska,13843
Sarpy County,Nebraska,122595
Saunders County,Nebraska,19830
Scotts Bluff County,Nebraska,36951
Seward County,Nebraska,16496
Sheridan County,Nebraska,6198
Sherman County,Nebraska,3318
Sioux County,Nebraska,1475
Stanton County,Nebraska,6455
Thayer County,Nebraska,6055
Thomas County,Nebraska,729
Thurston County,Nebraska,7171
Valley County,Nebraska,4647
Washington County,Nebraska,18780
Wayne County,Nebraska,9851
Webster County,Nebraska,4061
Wheeler County,Nebraska,886
York County,Nebraska,14598
Churchill County,Nevada,23982
Clark County,Nevada,1375765
Douglas County,Nevada,41259
Elko County,Nevada,45291
Esmeralda County,Nevada,971
Eureka County,Nevada,1651
Humboldt County,Nevada,16106
Lander County,Nevada,5794
Lincoln County,Nevada,4165
Lyon County,Nevada,34501
Mineral County,Nevada,5071
Nye County,Nevada,32485
Pershing County,Nevada,6693
Storey County,Nevada,3399
Washoe County,Nevada,339486
White Pine County,Nevada,9181
"Carson City, Consolidated Municipality of",Nevada,52457
Belknap County,New Hampshire,56325
Carroll County,New Hampshire,43666
Cheshire County,New Hampshire,73825
Coos County,New Hampshire,33111
Grafton County,New Hampshire,81743
Hillsborough County,New Hampshire,380841
Merrimack County,New Hampshire,136225
Rockingham County,New Hampshire,277359
Strafford County,New Hampshire,112233
Sullivan County,New Hampshire,40458
Atlantic County,New Jersey,252552
Bergen County,New Jersey,884118
Burlington County,New Jersey,423394
Camden County,New Jersey,508932
Cape May County,New Jersey,102326
Cumberland County,New Jersey,146438
Essex County,New Jersey,793633
Gloucester County,New Jersey,254673
Hudson County,New Jersey,608975
Hunterdon County,New Jersey,121989
Mercer County,New Jersey,350761
Middlesex County,New Jersey,750162
Monmouth County,New Jersey,615301
Morris County,New Jersey,470212
Ocean County,New Jersey,510916
Passaic County,New Jersey,489049
Salem County,New Jersey,64285
Somerset County,New Jersey,297490
Sussex County,New Jersey,144166
Union County,New Jersey,522541
Warren County,New Jersey,102437
Bernalillo County,New Mexico,556678
Catron County,New Mexico,3543
Chaves County,New Mexico,61382
Cibola County,New Mexico,25595
Colfax County,New Mexico,14189
Curry County,New Mexico,45044
De Baca County,New Mexico,2240
Doa Ana County,New Mexico,174682
Eddy County,New Mexico,51658
Grant County,New Mexico,31002
Guadalupe County,New Mexico,4680
Harding County,New Mexico,810
Hidalgo County,New Mexico,5932
Lea County,New Mexico,55511
Lincoln County,New Mexico,19411
Los Alamos County,New Mexico,18343
Luna County,New Mexico,25016
McKinley County,New Mexico,74798
Mora County,New Mexico,5180
Otero County,New Mexico,62298
Quay County,New Mexico,10155
Rio Arriba County,New Mexico,41190
Roosevelt County,New Mexico,18018
Sandoval County,New Mexico,89908
San Juan County,New Mexico,113801
San Miguel County,New Mexico,30126
Santa Fe County,New Mexico,129292
Sierra County,New Mexico,13270
Socorro County,New Mexico,18078
Taos County,New Mexico,29979
Torrance County,New Mexico,16911
Union County,New Mexico,4174
Valencia County,New Mexico,66152
Albany County,New York,294565
Allegany County,New York,49927
Bronx County,New York,1332650
Broome County,New York,200536
Cattaraugus County,New York,83955
Cayuga County,New York,81963
Chautauqua County,New York,139750
Chemung County,New York,91070
Chenango County,New York,51401
Clinton County,New York,79894
Columbia County,New York,63094
Cortland County,New York,48599
Delaware County,New York,48055
Dutchess County,New York,280150
Erie County,New York,950265
Essex County,New York,38851
Franklin County,New York,51134
Fulton County,New York,55073
Genesee County,New York,60370
Greene County,New York,48195
Hamilton County,New York,5379
Herkimer County,New York,64427
Jefferson County,New York,111738
Kings County,New York,2465326
Lewis County,New York,26944
Livingston County,New York,64328
Madison County,New York,69441
Monroe County,New York,735343
Montgomery County,New York,49708
Nassau County,New York,1334544
New York County,New York,1537195
Niagara County,New York,219846
Oneida County,New York,235469
Onondaga County,New York,458336
Ontario County,New York,100224
Orange County,New York,341367
Orleans County,New York,44171
Oswego County,New York,122377
Otsego County,New York,61676
Putnam County,New York,95745
Queens County,New York,2229379
Rensselaer County,New York,152538
Richmond County,New York,443728
Rockland County,New York,286753
St. Lawrence County,New York,111931
Saratoga County,New York,200635
Schenectady County,New York,146555
Schoharie County,New York,31582
Schuyler County,New York,19224
Seneca County,New York,33342
Steuben County,New York,98726
Suffolk County,New York,1419369
Sullivan County,New York,73966
Tioga County,New York,51784
Tompkins County,New York,96501
Ulster County,New York,177749
Warren County,New York,63303
Washington County,New York,61042
Wayne County,New York,93765
Westchester County,New York,923459
Wyoming County,New York,43424
Yates County,New York,24621
Alamance County,North Carolina,130800
Alexander County,North Carolina,33603
Alleghany County,North Carolina,10677
Anson County,North Carolina,25275
Ashe County,North Carolina,24384
Avery County,North Carolina,17167
Beaufort County,North Carolina,44958
Bertie County,North Carolina,19773
Bladen County,North Carolina,32278
Brunswick County,North Carolina,73143
Buncombe County,North Carolina,206330
Burke County,North Carolina,89148
Cabarrus County,North Carolina,131063
Caldwell County,North Carolina,77415
Camden County,North Carolina,6885
Carteret County,North Carolina,59383
Caswell County,North Carolina,23501
Catawba County,North Carolina,141685
Chatham County,North Carolina,49329
Cherokee County,North Carolina,24298
Chowan County,North Carolina,14526
Clay County,North Carolina,8775
Cleveland County,North Carolina,96287
Columbus County,North Carolina,54749
Craven County,North Carolina,91436
Cumberland County,North Carolina,302963
Currituck County,North Carolina,18190
Dare County,North Carolina,29967
Davidson County,North Carolina,147246
Davie County,North Carolina,34835
Duplin County,North Carolina,49063
Durham County,North Carolina,223314
Edgecombe County,North Carolina,55606
Forsyth County,North Carolina,306067
Franklin County,North Carolina,47260
Gaston County,North Carolina,190365
Gates County,North Carolina,10516
Graham County,North Carolina,7993
Granville County,North Carolina,48498
Greene County,North Carolina,18974
Guilford County,North Carolina,421048
Halifax County,North Carolina,57370
Harnett County,North Carolina,91025
Haywood County,North Carolina,54033
Henderson County,North Carolina,89173
Hertford County,North Carolina,22601
Hoke County,North Carolina,33646
Hyde County,North Carolina,5826
Iredell County,North Carolina,122660
Jackson County,North Carolina,33121
Johnston County,North Carolina,121965
Jones County,North Carolina,10381
Lee County,North Carolina,49040
Lenoir County,North Carolina,59648
Lincoln County,North Carolina,63780
McDowell County,North Carolina,42151
Macon County,North Carolina,29811
Madison County,North Carolina,19635
Martin County,North Carolina,25593
Mecklenburg County,North Carolina,695454
Mitchell County,North Carolina,15687
Montgomery County,North Carolina,26822
Moore County,North Carolina,74769
Nash County,North Carolina,87420
New Hanover County,North Carolina,160307
Northampton County,North Carolina,22086
Onslow County,North Carolina,150355
Orange County,North Carolina,118227
Pamlico County,North Carolina,12934
Pasquotank County,North Carolina,34897
Pender County,North Carolina,41082
Perquimans County,North Carolina,11368
Person County,North Carolina,35623
Pitt County,North Carolina,133798
Polk County,North Carolina,18324
Randolph County,North Carolina,130454
Richmond County,North Carolina,46564
Robeson County,North Carolina,123339
Rockingham County,North Carolina,91928
Rowan County,North Carolina,130340
Rutherford County,North Carolina,62899
Sampson County,North Carolina,60161
Scotland County,North Carolina,35998
Stanly County,North Carolina,58100
Stokes County,North Carolina,44711
Surry County,North Carolina,71219
Swain County,North Carolina,12968
Transylvania County,North Carolina,29334
Tyrrell County,North Carolina,4149
Union County,North Carolina,123677
Vance County,North Carolina,42954
Wake County,North Carolina,627846
Warren County,North Carolina,19972
Washington County,North Carolina,13723
Watauga County,North Carolina,42695
Wayne County,North Carolina,113329
Wilkes County,North Carolina,65632
Wilson County,North Carolina,73814
Yadkin County,North Carolina,36348
Yancey County,North Carolina,17774
Adams County,North Dakota,2593
Barnes County,North Dakota,11775
Benson County,North Dakota,6964
Billings County,North Dakota,888
Bottineau County,North Dakota,7149
Bowman County,North Dakota,3242
Burke County,North Dakota,2242
Burleigh County,North Dakota,69416
Cass County,North Dakota,123138
Cavalier County,North Dakota,4831
Dickey County,North Dakota,5757
Divide County,North Dakota,2283
Dunn County,North Dakota,3600
Eddy County,North Dakota,2757
Emmons County,North Dakota,4331
Foster County,North Dakota,3759
Golden Valley County,North Dakota,1924
Grand Forks County,North Dakota,66109
Grant County,North Dakota,2841
Griggs County,North Dakota,2754
Hettinger County,North Dakota,2715
Kidder County,North Dakota,2753
LaMoure County,North Dakota,4701
Logan County,North Dakota,2308
McHenry County,North Dakota,5987
McIntosh County,North Dakota,3390
McKenzie County,North Dakota,5737
McLean County,North Dakota,9311
Mercer County,North Dakota,8644
Morton County,North Dakota,25303
Mountrail County,North Dakota,6631
Nelson County,North Dakota,3715
Oliver County,North Dakota,2065
Pembina County,North Dakota,8585
Pierce County,North Dakota,4675
Ramsey County,North Dakota,12066
Ransom County,North Dakota,5890
Renville County,North Dakota,2610
Richland County,North Dakota,17998
Rolette County,North Dakota,13674
Sargent County,North Dakota,4366
Sheridan County,North Dakota,1710
Sioux County,North Dakota,4044
Slope County,North Dakota,767
Stark County,North Dakota,22636
Steele County,North Dakota,2258
Stutsman County,North Dakota,21908
Towner County,North Dakota,2876
Traill County,North Dakota,8477
Walsh County,North Dakota,12389
Ward County,North Dakota,58795
Wells County,North Dakota,5102
Williams County,North Dakota,19761
Adams County,Ohio,27330
Allen County,Ohio,108473
Ashland County,Ohio,52523
Ashtabula County,Ohio,102728
Athens County,Ohio,62223
Auglaize County,Ohio,46611
Belmont County,Ohio,70226
Brown County,Ohio,42285
Butler County,Ohio,332807
Carroll County,Ohio,28836
Champaign County,Ohio,38890
Clark County,Ohio,144742
Clermont County,Ohio,177977
Clinton County,Ohio,40543
Columbiana County,Ohio,112075
Coshocton County,Ohio,36655
Crawford County,Ohio,46966
Cuyahoga County,Ohio,1393978
Darke County,Ohio,53309
Defiance County,Ohio,39500
Delaware County,Ohio,109989
Erie County,Ohio,79551
Fairfield County,Ohio,122759
Fayette County,Ohio,28433
Franklin County,Ohio,1068978
Fulton County,Ohio,42084
Gallia County,Ohio,31069
Geauga County,Ohio,90895
Greene County,Ohio,147886
Guernsey County,Ohio,40792
Hamilton County,Ohio,845303
Hancock County,Ohio,71295
Hardin County,Ohio,31945
Harrison County,Ohio,15856
Henry County,Ohio,29210
Highland County,Ohio,40875
Hocking County,Ohio,28241
Holmes County,Ohio,38943
Huron County,Ohio,59487
Jackson County,Ohio,32641
Jefferson County,Ohio,73894
Knox County,Ohio,54500
Lake County,Ohio,227511
Lawrence County,Ohio,62319
Licking County,Ohio,145491
Logan County,Ohio,46005
Lorain County,Ohio,284664
Lucas County,Ohio,455054
Madison County,Ohio,40213
Mahoning County,Ohio,257555
Marion County,Ohio,66217
Medina County,Ohio,151095
Meigs County,Ohio,23072
Mercer County,Ohio,40924
Miami County,Ohio,98868
Monroe County,Ohio,15180
Montgomery County,Ohio,559062
Morgan County,Ohio,14897
Morrow County,Ohio,31628
Muskingum County,Ohio,84585
Noble County,Ohio,14058
Ottawa County,Ohio,40985
Paulding County,Ohio,20293
Perry County,Ohio,34078
Pickaway County,Ohio,52727
Pike County,Ohio,27695
Portage County,Ohio,152061
Preble County,Ohio,42337
Putnam County,Ohio,34726
Richland County,Ohio,128852
Ross County,Ohio,73345
Sandusky County,Ohio,61792
Scioto County,Ohio,79195
Seneca County,Ohio,58683
Shelby County,Ohio,47910
Stark County,Ohio,378098
Summit County,Ohio,542899
Trumbull County,Ohio,225116
Tuscarawas County,Ohio,90914
Union County,Ohio,40909
Van Wert County,Ohio,29659
Vinton County,Ohio,12806
Warren County,Ohio,158383
Washington County,Ohio,63251
Wayne County,Ohio,111564
Williams County,Ohio,39188
Wood County,Ohio,121065
Wyandot County,Ohio,22908
Adair County,Oklahoma,21038
Alfalfa County,Oklahoma,6105
Atoka County,Oklahoma,13879
Beaver County,Oklahoma,5857
Beckham County,Oklahoma,19799
Blaine County,Oklahoma,11976
Bryan County,Oklahoma,36534
Caddo County,Oklahoma,30150
Canadian County,Oklahoma,87697
Carter County,Oklahoma,45621
Cherokee County,Oklahoma,42521
Choctaw County,Oklahoma,15342
Cimarron County,Oklahoma,3148
Cleveland County,Oklahoma,208016
Coal County,Oklahoma,6031
Comanche County,Oklahoma,114996
Cotton County,Oklahoma,6614
Craig County,Oklahoma,14950
Creek County,Oklahoma,67367
Custer County,Oklahoma,26142
Delaware County,Oklahoma,37077
Dewey County,Oklahoma,4743
Ellis County,Oklahoma,4075
Garfield County,Oklahoma,57813
Garvin County,Oklahoma,27210
Grady County,Oklahoma,45516
Grant County,Oklahoma,5144
Greer County,Oklahoma,6061
Harmon County,Oklahoma,3283
Harper County,Oklahoma,3562
Haskell County,Oklahoma,11792
Hughes County,Oklahoma,14154
Jackson County,Oklahoma,28439
Jefferson County,Oklahoma,6818
Johnston County,Oklahoma,10513
Kay County,Oklahoma,48080
Kingfisher County,Oklahoma,13926
Kiowa County,Oklahoma,10227
Latimer County,Oklahoma,10692
Le Flore County,Oklahoma,48109
Lincoln County,Oklahoma,32080
Logan County,Oklahoma,33924
Love County,Oklahoma,8831
McClain County,Oklahoma,27740
McCurtain County,Oklahoma,34402
McIntosh County,Oklahoma,19456
Major County,Oklahoma,7545
Marshall County,Oklahoma,13184
Mayes County,Oklahoma,38369
Murray County,Oklahoma,12623
Muskogee County,Oklahoma,69451
Noble County,Oklahoma,11411
Nowata County,Oklahoma,10569
Okfuskee County,Oklahoma,11814
Oklahoma County,Oklahoma,660448
Okmulgee County,Oklahoma,39685
Osage County,Oklahoma,44437
Ottawa County,Oklahoma,33194
Pawnee County,Oklahoma,16612
Payne County,Oklahoma,68190
Pittsburg County,Oklahoma,43953
Pontotoc County,Oklahoma,35143
Pottawatomie County,Oklahoma,65521
Pushmataha County,Oklahoma,11667
Roger Mills County,Oklahoma,3436
Rogers County,Oklahoma,70641
Seminole County,Oklahoma,24894
Sequoyah County,Oklahoma,38972
Stephens County,Oklahoma,43182
Texas County,Oklahoma,20107
Tillman County,Oklahoma,9287
Tulsa County,Oklahoma,563299
Wagoner County,Oklahoma,57491
Washington County,Oklahoma,48996
Washita County,Oklahoma,11508
Woods County,Oklahoma,9089
Woodward County,Oklahoma,18486
Baker County,Oregon,16741
Benton County,Oregon,78153
Clackamas County,Oregon,338391
Clatsop County,Oregon,35630
Columbia County,Oregon,43560
Coos County,Oregon,62779
Crook County,Oregon,19182
Curry County,Oregon,21137
Deschutes County,Oregon,115367
Douglas County,Oregon,100399
Gilliam County,Oregon,1915
Grant County,Oregon,7935
Harney County,Oregon,7609
Hood River County,Oregon,20411
Jackson County,Oregon,181269
Jefferson County,Oregon,19009
Josephine County,Oregon,75726
Klamath County,Oregon,63775
Lake County,Oregon,7422
Lane County,Oregon,322959
Lincoln County,Oregon,44479
Linn County,Oregon,103069
Malheur County,Oregon,31615
Marion County,Oregon,284834
Morrow County,Oregon,10995
Multnomah County,Oregon,660486
Polk County,Oregon,62380
Sherman County,Oregon,1934
Tillamook County,Oregon,24262
Umatilla County,Oregon,70548
Union County,Oregon,24530
Wallowa County,Oregon,7226
Wasco County,Oregon,23791
Washington County,Oregon,445342
Wheeler County,Oregon,1547
Yamhill County,Oregon,84992
Adams County,Pennsylvania,91292
Allegheny County,Pennsylvania,1281666
Armstrong County,Pennsylvania,72392
Beaver County,Pennsylvania,181412
Bedford County,Pennsylvania,49984
Berks County,Pennsylvania,373638
Blair County,Pennsylvania,129144
Bradford County,Pennsylvania,62761
Bucks County,Pennsylvania,597635
Butler County,Pennsylvania,174083
Cambria County,Pennsylvania,152598
Cameron County,Pennsylvania,5974
Carbon County,Pennsylvania,58802
Centre County,Pennsylvania,135758
Chester County,Pennsylvania,433501
Clarion County,Pennsylvania,41765
Clearfield County,Pennsylvania,83382
Clinton County,Pennsylvania,37914
Columbia County,Pennsylvania,64151
Crawford County,Pennsylvania,90366
Cumberland County,Pennsylvania,213674
Dauphin County,Pennsylvania,251798
Delaware County,Pennsylvania,550864
Elk County,Pennsylvania,35112
Erie County,Pennsylvania,280843
Fayette County,Pennsylvania,148644
Forest County,Pennsylvania,4946
Franklin County,Pennsylvania,129313
Fulton County,Pennsylvania,14261
Greene County,Pennsylvania,40672
Huntingdon County,Pennsylvania,45586
Indiana County,Pennsylvania,89605
Jefferson County,Pennsylvania,45932
Juniata County,Pennsylvania,22821
Lackawanna County,Pennsylvania,213295
Lancaster County,Pennsylvania,470658
Lawrence County,Pennsylvania,94643
Lebanon County,Pennsylvania,120327
Lehigh County,Pennsylvania,312090
Luzerne County,Pennsylvania,319250
Lycoming County,Pennsylvania,120044
McKean County,Pennsylvania,45936
Mercer County,Pennsylvania,120293
Mifflin County,Pennsylvania,46486
Monroe County,Pennsylvania,138687
Montgomery County,Pennsylvania,750097
Montour County,Pennsylvania,18236
Northampton County,Pennsylvania,267066
Northumberland County,Pennsylvania,94556
Perry County,Pennsylvania,43602
Philadelphia County,Pennsylvania,1517550
Pike County,Pennsylvania,46302
Potter County,Pennsylvania,18080
Schuylkill County,Pennsylvania,150336
Snyder County,Pennsylvania,37546
Somerset County,Pennsylvania,80023
Sullivan County,Pennsylvania,6556
Susquehanna County,Pennsylvania,42238
Tioga County,Pennsylvania,41373
Union County,Pennsylvania,41624
Venango County,Pennsylvania,57565
Warren County,Pennsylvania,43863
Washington County,Pennsylvania,202897
Wayne County,Pennsylvania,47722
Westmoreland County,Pennsylvania,369993
Wyoming County,Pennsylvania,28080
York County,Pennsylvania,381751
Bristol County,Rhode Island,50648
Kent County,Rhode Island,167090
Newport County,Rhode Island,85433
Providence County,Rhode Island,621602
Washington County,Rhode Island,123546
Abbeville County,South Carolina,26167
Aiken County,South Carolina,142552
Allendale County,South Carolina,11211
Anderson County,South Carolina,165740
Bamberg County,South Carolina,16658
Barnwell County,South Carolina,23478
Beaufort County,South Carolina,120937
Berkeley County,South Carolina,142651
Calhoun County,South Carolina,15185
Charleston County,South Carolina,309969
Cherokee County,South Carolina,52537
Chester County,South Carolina,34068
Chesterfield County,South Carolina,42768
Clarendon County,South Carolina,32502
Colleton County,South Carolina,38264
Darlington County,South Carolina,67394
Dillon County,South Carolina,30722
Dorchester County,South Carolina,96413
Edgefield County,South Carolina,24595
Fairfield County,South Carolina,23454
Florence County,South Carolina,125761
Georgetown County,South Carolina,55797
Greenville County,South Carolina,379616
Greenwood County,South Carolina,66271
Hampton County,South Carolina,21386
Horry County,South Carolina,196629
Jasper County,South Carolina,20678
Kershaw County,South Carolina,52647
Lancaster County,South Carolina,61351
Laurens County,South Carolina,69567
Lee County,South Carolina,20119
Lexington County,South Carolina,216014
McCormick County,South Carolina,9958
Marion County,South Carolina,35466
Marlboro County,South Carolina,28818
Newberry County,South Carolina,36108
Oconee County,South Carolina,66215
Orangeburg County,South Carolina,91582
Pickens County,South Carolina,110757
Richland County,South Carolina,320677
Saluda County,South Carolina,19181
Spartanburg County,South Carolina,253791
Sumter County,South Carolina,104646
Union County,South Carolina,29881
Williamsburg County,South Carolina,37217
York County,South Carolina,164614
Aurora County,South Dakota,3058
Beadle County,South Dakota,17023
Bennett County,South Dakota,3574
Bon Homme County,South Dakota,7260
Brookings County,South Dakota,28220
Brown County,South Dakota,35460
Brule County,South Dakota,5364
Buffalo County,South Dakota,2032
Butte County,South Dakota,9094
Campbell County,South Dakota,1782
Charles Mix County,South Dakota,9350
Clark County,South Dakota,4143
Clay County,South Dakota,13537
Codington County,South Dakota,25897
Corson County,South Dakota,4181
Custer County,South Dakota,7275
Davison County,South Dakota,18741
Day County,South Dakota,6267
Deuel County,South Dakota,4498
Dewey County,South Dakota,5972
Douglas County,South Dakota,3458
Edmunds County,South Dakota,4367
Fall River County,South Dakota,7453
Faulk County,South Dakota,2640
Grant County,South Dakota,7847
Gregory County,South Dakota,4792
Haakon County,South Dakota,2196
Hamlin County,South Dakota,5540
Hand County,South Dakota,3741
Hanson County,South Dakota,3139
Harding County,South Dakota,1353
Hughes County,South Dakota,16481
Hutchinson County,South Dakota,8075
Hyde County,South Dakota,1671
Jackson County,South Dakota,2930
Jerauld County,South Dakota,2295
Jones County,South Dakota,1193
Kingsbury County,South Dakota,5815
Lake County,South Dakota,11276
Lawrence County,South Dakota,21802
Lincoln County,South Dakota,24131
Lyman County,South Dakota,3895
McCook County,South Dakota,5832
McPherson County,South Dakota,2904
Marshall County,South Dakota,4576
Meade County,South Dakota,24253
Mellette County,South Dakota,2083
Miner County,South Dakota,2884
Minnehaha County,South Dakota,148281
Moody County,South Dakota,6595
Pennington County,South Dakota,88565
Perkins County,South Dakota,3363
Potter County,South Dakota,2693
Roberts County,South Dakota,10016
Sanborn County,South Dakota,2675
Shannon County,South Dakota,12466
Spink County,South Dakota,7454
Stanley County,South Dakota,2772
Sully County,South Dakota,1556
Todd County,South Dakota,9050
Tripp County,South Dakota,6430
Turner County,South Dakota,8849
Union County,South Dakota,12584
Walworth County,South Dakota,5974
Yankton County,South Dakota,21652
Ziebach County,South Dakota,2519
Anderson County,Tennessee,71330
Bedford County,Tennessee,37586
Benton County,Tennessee,16537
Bledsoe County,Tennessee,12367
Blount County,Tennessee,105823
Bradley County,Tennessee,87965
Campbell County,Tennessee,39854
Cannon County,Tennessee,12826
Carroll County,Tennessee,29475
Carter County,Tennessee,56742
Cheatham County,Tennessee,35912
Chester County,Tennessee,15540
Claiborne County,Tennessee,29862
Clay County,Tennessee,7976
Cocke County,Tennessee,33565
Coffee County,Tennessee,48014
Crockett County,Tennessee,14532
Cumberland County,Tennessee,46802
Davidson County,Tennessee,569891
Decatur County,Tennessee,11731
DeKalb County,Tennessee,17423
Dickson County,Tennessee,43156
Dyer County,Tennessee,37279
Fayette County,Tennessee,28806
Fentress County,Tennessee,16625
Franklin County,Tennessee,39270
Gibson County,Tennessee,48152
Giles County,Tennessee,29447
Grainger County,Tennessee,20659
Greene County,Tennessee,62909
Grundy County,Tennessee,14332
Hamblen County,Tennessee,58128
Hamilton County,Tennessee,307896
Hancock County,Tennessee,6786
Hardeman County,Tennessee,28105
Hardin County,Tennessee,25578
Hawkins County,Tennessee,53563
Haywood County,Tennessee,19797
Henderson County,Tennessee,25522
Henry County,Tennessee,31115
Hickman County,Tennessee,22295
Houston County,Tennessee,8088
Humphreys County,Tennessee,17929
Jackson County,Tennessee,10984
Jefferson County,Tennessee,44294
Johnson County,Tennessee,17499
Knox County,Tennessee,382032
Lake County,Tennessee,7954
Lauderdale County,Tennessee,27101
Lawrence County,Tennessee,39926
Lewis County,Tennessee,11367
Lincoln County,Tennessee,31340
Loudon County,Tennessee,39086
McMinn County,Tennessee,49015
McNairy County,Tennessee,24653
Macon County,Tennessee,20386
Madison County,Tennessee,91837
Marion County,Tennessee,27776
Marshall County,Tennessee,26767
Maury County,Tennessee,69498
Meigs County,Tennessee,11086
Monroe County,Tennessee,38961
Montgomery County,Tennessee,134768
Moore County,Tennessee,5740
Morgan County,Tennessee,19757
Obion County,Tennessee,32450
Overton County,Tennessee,20118
Perry County,Tennessee,7631
Pickett County,Tennessee,4945
Polk County,Tennessee,16050
Putnam County,Tennessee,62315
Rhea County,Tennessee,28400
Roane County,Tennessee,51910
Robertson County,Tennessee,54433
Rutherford County,Tennessee,182023
Scott County,Tennessee,21127
Sequatchie County,Tennessee,11370
Sevier County,Tennessee,71170
Shelby County,Tennessee,897472
Smith County,Tennessee,17712
Stewart County,Tennessee,12370
Sullivan County,Tennessee,153048
Sumner County,Tennessee,130449
Tipton County,Tennessee,51271
Trousdale County,Tennessee,7259
Unicoi County,Tennessee,17667
Union County,Tennessee,17808
Van Buren County,Tennessee,5508
Warren County,Tennessee,38276
Washington County,Tennessee,107198
Wayne County,Tennessee,16842
Weakley County,Tennessee,34895
White County,Tennessee,23102
Williamson County,Tennessee,126638
Wilson County,Tennessee,88809
Anderson County,Texas,55109
Andrews County,Texas,13004
Angelina County,Texas,80130
Aransas County,Texas,22497
Archer County,Texas,8854
Armstrong County,Texas,2148
Atascosa County,Texas,38628
Austin County,Texas,23590
Bailey County,Texas,6594
Bandera County,Texas,17645
Bastrop County,Texas,57733
Baylor County,Texas,4093
Bee County,Texas,32359
Bell County,Texas,237974
Bexar County,Texas,1392931
Blanco County,Texas,8418
Borden County,Texas,729
Bosque County,Texas,17204
Bowie County,Texas,89306
Brazoria County,Texas,241767
Brazos County,Texas,152415
Brewster County,Texas,8866
Briscoe County,Texas,1790
Brooks County,Texas,7976
Brown County,Texas,37674
Burleson County,Texas,16470
Burnet County,Texas,34147
Caldwell County,Texas,32194
Calhoun County,Texas,20647
Callahan County,Texas,12905
Cameron County,Texas,335227
Camp County,Texas,11549
Carson County,Texas,6516
Cass County,Texas,30438
Castro County,Texas,8285
Chambers County,Texas,26031
Cherokee County,Texas,46659
Childress County,Texas,7688
Clay County,Texas,11006
Cochran County,Texas,3730
Coke County,Texas,3864
Coleman County,Texas,9235
Collin County,Texas,491675
Collingsworth County,Texas,3206
Colorado County,Texas,20390
Comal County,Texas,78021
Comanche County,Texas,14026
Concho County,Texas,3966
Cooke County,Texas,36363
Coryell County,Texas,74978
Cottle County,Texas,1904
Crane County,Texas,3996
Crockett County,Texas,4099
Crosby County,Texas,7072
Culberson County,Texas,2975
Dallam County,Texas,6222
Dallas County,Texas,2218899
Dawson County,Texas,14985
Deaf Smith County,Texas,18561
Delta County,Texas,5327
Denton County,Texas,432976
DeWitt County,Texas,20013
Dickens County,Texas,2762
Dimmit County,Texas,10248
Donley County,Texas,3828
Duval County,Texas,13120
Eastland County,Texas,18297
Ector County,Texas,121123
Edwards County,Texas,2162
Ellis County,Texas,111360
El Paso County,Texas,679622
Erath County,Texas,33001
Falls County,Texas,18576
Fannin County,Texas,31242
Fayette County,Texas,21804
Fisher County,Texas,4344
Floyd County,Texas,7771
Foard County,Texas,1622
Fort Bend County,Texas,354452
Franklin County,Texas,9458
Freestone County,Texas,17867
Frio County,Texas,16252
Gaines County,Texas,14467
Galveston County,Texas,250158
Garza County,Texas,4872
Gillespie County,Texas,20814
Glasscock County,Texas,1406
Goliad County,Texas,6928
Gonzales County,Texas,18628
Gray County,Texas,22744
Grayson County,Texas,110595
Gregg County,Texas,111379
Grimes County,Texas,23552
Guadalupe County,Texas,89023
Hale County,Texas,36602
Hall County,Texas,3782
Hamilton County,Texas,8229
Hansford County,Texas,5369
Hardeman County,Texas,4724
Hardin County,Texas,48073
Harris County,Texas,3400578
Harrison County,Texas,62110
Hartley County,Texas,5537
Haskell County,Texas,6093
Hays County,Texas,97589
Hemphill County,Texas,3351
Henderson County,Texas,73277
Hidalgo County,Texas,569463
Hill County,Texas,32321
Hockley County,Texas,22716
Hood County,Texas,41100
Hopkins County,Texas,31960
Houston County,Texas,23185
Howard County,Texas,33627
Hudspeth County,Texas,3344
Hunt County,Texas,76596
Hutchinson County,Texas,23857
Irion County,Texas,1771
Jack County,Texas,8763
Jackson County,Texas,14391
Jasper County,Texas,35604
Jeff Davis County,Texas,2207
Jefferson County,Texas,252051
Jim Hogg County,Texas,5281
Jim Wells County,Texas,39326
Johnson County,Texas,126811
Jones County,Texas,20785
Karnes County,Texas,15446
Kaufman County,Texas,71313
Kendall County,Texas,23743
Kenedy County,Texas,414
Kent County,Texas,859
Kerr County,Texas,43653
Kimble County,Texas,4468
King County,Texas,356
Kinney County,Texas,3379
Kleberg County,Texas,31549
Knox County,Texas,4253
Lamar County,Texas,48499
Lamb County,Texas,14709
Lampasas County,Texas,17762
La Salle County,Texas,5866
Lavaca County,Texas,19210
Lee County,Texas,15657
Leon County,Texas,15335
Liberty County,Texas,70154
Limestone County,Texas,22051
Lipscomb County,Texas,3057
Live Oak County,Texas,12309
Llano County,Texas,17044
Loving County,Texas,67
Lubbock County,Texas,242628
Lynn County,Texas,6550
Madison County,Texas,8205
Marion County,Texas,213517
Martin County,Texas,851
Mason County,Texas,12940
Matagorda County,Texas,10941
Maverick County,Texas,4746
McCulloch County,Texas,3738
McLennan County,Texas,37957
McMullen County,Texas,47297
Medina County,Texas,39304
Menard County,Texas,2360
Midland County,Texas,116009
Milam County,Texas,24238
Mills County,Texas,5151
Mitchell County,Texas,9698
Montague County,Texas,19117
Montgomery County,Texas,293768
Moore County,Texas,20121
Morris County,Texas,13048
Motley County,Texas,1426
Nacogdoches County,Texas,59203
Navarro County,Texas,45124
Newton County,Texas,15072
Nolan County,Texas,15802
Nueces County,Texas,313645
Ochiltree County,Texas,9006
Oldham County,Texas,2185
Orange County,Texas,84966
Palo Pinto County,Texas,27026
Panola County,Texas,22756
Parker County,Texas,88495
Parmer County,Texas,10016
Pecos County,Texas,16809
Polk County,Texas,41133
Potter County,Texas,113546
Presidio County,Texas,7304
Rains County,Texas,9139
Randall County,Texas,104312
Reagan County,Texas,3326
Real County,Texas,3047
Red River County,Texas,14314
Reeves County,Texas,13137
Refugio County,Texas,7828
Roberts County,Texas,887
Robertson County,Texas,16000
Rockwall County,Texas,43080
Runnels County,Texas,11495
Rusk County,Texas,47372
Sabine County,Texas,10469
San Augustine County,Texas,8946
San Jacinto County,Texas,22246
San Patricio County,Texas,67138
San Saba County,Texas,6186
Schleicher County,Texas,2935
Scurry County,Texas,16361
Shackelford County,Texas,3302
Shelby County,Texas,25224
Sherman County,Texas,3186
Smith County,Texas,174706
Somervell County,Texas,6809
Starr County,Texas,53597
Stephens County,Texas,9674
Sterling County,Texas,1393
Stonewall County,Texas,1693
Sutton County,Texas,4077
Swisher County,Texas,8378
Tarrant County,Texas,1446219
Taylor County,Texas,126555
Terrell County,Texas,1081
Terry County,Texas,12761
Throckmorton County,Texas,1850
Titus County,Texas,28118
Tom Green County,Texas,104010
Travis County,Texas,812280
Trinity County,Texas,13779
Tyler County,Texas,20871
Upshur County,Texas,35291
Upton County,Texas,3404
Uvalde County,Texas,25926
Val Verde County,Texas,44856
Van Zandt County,Texas,48140
Victoria County,Texas,84088
Walker County,Texas,61758
Waller County,Texas,32663
Ward County,Texas,10909
Washington County,Texas,30373
Webb County,Texas,193117
Wharton County,Texas,41188
Wheeler County,Texas,5284
Wichita County,Texas,131664
Wilbarger County,Texas,14676
Willacy County,Texas,20082
Williamson County,Texas,249967
Wilson County,Texas,32408
Winkler County,Texas,7173
Wise County,Texas,48793
Wood County,Texas,36752
Yoakum County,Texas,7322
Young County,Texas,17943
Zapata County,Texas,12182
Zavala County,Texas,11600
Beaver County,Utah,6005
Box Elder County,Utah,42745
Cache County,Utah,91391
Carbon County,Utah,20422
Daggett County,Utah,921
Davis County,Utah,238994
Duchesne County,Utah,14371
Emery County,Utah,10860
Garfield County,Utah,4735
Grand County,Utah,8485
Iron County,Utah,33779
Juab County,Utah,8238
Kane County,Utah,6046
Millard County,Utah,12405
Morgan County,Utah,7129
Piute County,Utah,1435
Rich County,Utah,1961
Salt Lake County,Utah,898387
San Juan County,Utah,14413
Sanpete County,Utah,22763
Sevier County,Utah,18842
Summit County,Utah,29736
Tooele County,Utah,40735
Uintah County,Utah,25224
Utah County,Utah,368536
Wasatch County,Utah,15215
Washington County,Utah,90354
Wayne County,Utah,2509
Weber County,Utah,196533
Addison County,Vermont,35974
Bennington County,Vermont,36994
Caledonia County,Vermont,29702
Chittenden County,Vermont,146571
Essex County,Vermont,6459
Franklin County,Vermont,45417
Grand Isle County,Vermont,6901
Lamoille County,Vermont,23233
Orange County,Vermont,28226
Orleans County,Vermont,26277
Rutland County,Vermont,63400
Washington County,Vermont,58039
Windham County,Vermont,44216
Windsor County,Vermont,57418
Accomack County,Virginia,38305
Albemarle County,Virginia,79236
Alleghany County,Virginia,12926
Amelia County,Virginia,11400
Amherst County,Virginia,31894
Appomattox County,Virginia,13705
Arlington County,Virginia,189453
Augusta County,Virginia,65615
Bath County,Virginia,5048
Bedford County,Virginia,60371
Bland County,Virginia,6871
Botetourt County,Virginia,30496
Brunswick County,Virginia,18419
Buchanan County,Virginia,26978
Buckingham County,Virginia,15623
Campbell County,Virginia,51078
Caroline County,Virginia,22121
Carroll County,Virginia,29245
Charles City County,Virginia,6926
Charlotte County,Virginia,12472
Chesterfield County,Virginia,259903
Clarke County,Virginia,12652
Craig County,Virginia,5091
Culpeper County,Virginia,34262
Cumberland County,Virginia,9017
Dickenson County,Virginia,16395
Dinwiddie County,Virginia,24533
Essex County,Virginia,9989
Fairfax County,Virginia,969749
Fauquier County,Virginia,55139
Floyd County,Virginia,13874
Fluvanna County,Virginia,20047
Franklin County,Virginia,47286
Frederick County,Virginia,59209
Giles County,Virginia,16657
Gloucester County,Virginia,34780
Goochland County,Virginia,16863
Grayson County,Virginia,17917
Greene County,Virginia,15244
Greensville County,Virginia,11560
Halifax County,Virginia,37355
Hanover County,Virginia,86320
Henrico County,Virginia,262300
Henry County,Virginia,57930
Highland County,Virginia,2536
Isle of Wight County,Virginia,29728
James City County,Virginia,48102
King and Queen County,Virginia,6630
King George County,Virginia,16803
King William County,Virginia,13146
Lancaster County,Virginia,11567
Lee County,Virginia,23589
Loudoun County,Virginia,169599
Louisa County,Virginia,25627
Lunenburg County,Virginia,13146
Madison County,Virginia,12520
Mathews County,Virginia,9207
Mecklenburg County,Virginia,32380
Middlesex County,Virginia,9932
Montgomery County,Virginia,83629
Nelson County,Virginia,14445
New Kent County,Virginia,13462
Northampton County,Virginia,13093
Northumberland County,Virginia,12259
Nottoway County,Virginia,15725
Orange County,Virginia,25881
Page County,Virginia,23177
Patrick County,Virginia,19407
Pittsylvania County,Virginia,61745
Powhatan County,Virginia,22377
Prince Edward County,Virginia,19720
Prince George County,Virginia,33047
Prince William County,Virginia,280813
Pulaski County,Virginia,35127
Rappahannock County,Virginia,6983
Richmond County,Virginia,8809
Roanoke County,Virginia,85778
Rockbridge County,Virginia,20808
Rockingham County,Virginia,67725
Russell County,Virginia,30308
Scott County,Virginia,23403
Shenandoah County,Virginia,35075
Smyth County,Virginia,33081
Southampton County,Virginia,17482
Spotsylvania County,Virginia,90395
Stafford County,Virginia,92446
Surry County,Virginia,6829
Sussex County,Virginia,12504
Tazewell County,Virginia,44598
Warren County,Virginia,31584
Washington County,Virginia,51103
Westmoreland County,Virginia,16718
Wise County,Virginia,40123
Wythe County,Virginia,27599
York County,Virginia,56297
"Alexandria, City of",Virginia,128283
"Bedford, City of",Virginia,6299
"Bristol, City of",Virginia,17367
"Buena Vista, City of",Virginia,6349
"Charlottesville, City of",Virginia,45049
"Chesapeake, City of",Virginia,199184
"Colonial Heights, City of",Virginia,16897
"Covington, City of",Virginia,6303
"Danville, City of",Virginia,48411
"Emporia, City of",Virginia,5665
"Fairfax, City of",Virginia,21498
"Falls Church, City of",Virginia,10377
"Franklin, City of",Virginia,8346
"Fredericksburg, City of",Virginia,19279
"Galax, City of",Virginia,6837
"Hampton, City of",Virginia,146437
"Harrisonburg, City of",Virginia,40468
"Hopewell, City of",Virginia,22354
"Lexington, City of",Virginia,6867
"Lynchburg, City of",Virginia,65269
"Manassas, City of",Virginia,35135
"Manassas Park, City of",Virginia,10290
"Martinsville, City of",Virginia,15416
"Newport News, City of",Virginia,180150
"Norfolk, City of",Virginia,234403
"Norton, City of",Virginia,3904
"Petersburg, City of",Virginia,33740
"Poquoson, City of",Virginia,11566
"Portsmouth, City of",Virginia,100565
"Radford, City of",Virginia,15859
"Richmond, City of",Virginia,197790
"Roanoke, City of",Virginia,94911
"Salem, City of",Virginia,24747
"Staunton, City of",Virginia,23853
"Suffolk, City of",Virginia,63677
"Virginia Beach, City of",Virginia,425257
"Waynesboro, City of",Virginia,19520
"Williamsburg, City of",Virginia,11998
"Winchester, City of",Virginia,23585
Adams County,Washington,16428
Asotin County,Washington,20551
Benton County,Washington,142475
Chelan County,Washington,66616
Clallam County,Washington,64525
Clark County,Washington,345238
Columbia County,Washington,4064
Cowlitz County,Washington,92948
Douglas County,Washington,32603
Ferry County,Washington,7260
Franklin County,Washington,49347
Garfield County,Washington,2397
Grant County,Washington,74698
Grays Harbor County,Washington,67194
Island County,Washington,71558
Jefferson County,Washington,25953
King County,Washington,1737034
Kitsap County,Washington,231969
Kittitas County,Washington,33362
Klickitat County,Washington,19161
Lewis County,Washington,68600
Lincoln County,Washington,10184
Mason County,Washington,49405
Okanogan County,Washington,39564
Pacific County,Washington,20984
Pend Oreille County,Washington,11732
Pierce County,Washington,700820
San Juan County,Washington,14077
Skagit County,Washington,102979
Skamania County,Washington,9872
Snohomish County,Washington,606024
Spokane County,Washington,417939
Stevens County,Washington,40066
Thurston County,Washington,207355
Wahkiakum County,Washington,3824
Walla Walla County,Washington,55180
Whatcom County,Washington,166814
Whitman County,Washington,40740
Yakima County,Washington,222581
Barbour County,West Virginia,15557
Berkeley County,West Virginia,75905
Boone County,West Virginia,25535
Braxton County,West Virginia,14702
Brooke County,West Virginia,25447
Cabell County,West Virginia,96784
Calhoun County,West Virginia,7582
Clay County,West Virginia,10330
Doddridge County,West Virginia,7403
Fayette County,West Virginia,47579
Gilmer County,West Virginia,7160
Grant County,West Virginia,11299
Greenbrier County,West Virginia,34453
Hampshire County,West Virginia,20203
Hancock County,West Virginia,32667
Hardy County,West Virginia,12669
Harrison County,West Virginia,68652
Jackson County,West Virginia,28000
Jefferson County,West Virginia,42190
Kanawha County,West Virginia,200073
Lewis County,West Virginia,16919
Lincoln County,West Virginia,22108
Logan County,West Virginia,37710
McDowell County,West Virginia,27329
Marion County,West Virginia,56598
Marshall County,West Virginia,35519
Mason County,West Virginia,25957
Mercer County,West Virginia,62980
Mineral County,West Virginia,27078
Mingo County,West Virginia,28253
Monongalia County,West Virginia,81866
Monroe County,West Virginia,14583
Morgan County,West Virginia,14943
Nicholas County,West Virginia,26562
Ohio County,West Virginia,47427
Pendleton County,West Virginia,8196
Pleasants County,West Virginia,7514
Pocahontas County,West Virginia,9131
Preston County,West Virginia,29334
Putnam County,West Virginia,51589
Raleigh County,West Virginia,79220
Randolph County,West Virginia,28262
Ritchie County,West Virginia,10343
Roane County,West Virginia,15446
Summers County,West Virginia,12999
Taylor County,West Virginia,16089
Tucker County,West Virginia,7321
Tyler County,West Virginia,9592
Upshur County,West Virginia,23404
Wayne County,West Virginia,42903
Webster County,West Virginia,9719
Wetzel County,West Virginia,17693
Wirt County,West Virginia,5873
Wood County,West Virginia,87986
Wyoming County,West Virginia,25708
Adams County,Wisconsin,18643
Ashland County,Wisconsin,16866
Barron County,Wisconsin,44963
Bayfield County,Wisconsin,15013
Brown County,Wisconsin,226778
Buffalo County,Wisconsin,13804
Burnett County,Wisconsin,15674
Calumet County,Wisconsin,40631
Chippewa County,Wisconsin,55195
Clark County,Wisconsin,33557
Columbia County,Wisconsin,52468
Crawford County,Wisconsin,17243
Dane County,Wisconsin,426526
Dodge County,Wisconsin,85897
Door County,Wisconsin,27961
Douglas County,Wisconsin,43287
Dunn County,Wisconsin,39858
Eau Claire County,Wisconsin,93142
Florence County,Wisconsin,5088
Fond du Lac County,Wisconsin,97296
Forest County,Wisconsin,10024
Grant County,Wisconsin,49597
Green County,Wisconsin,33647
Green Lake County,Wisconsin,19105
Iowa County,Wisconsin,22780
Iron County,Wisconsin,6861
Jackson County,Wisconsin,19100
Jefferson County,Wisconsin,74021
Juneau County,Wisconsin,24316
Kenosha County,Wisconsin,149577
Kewaunee County,Wisconsin,20187
La Crosse County,Wisconsin,107120
Lafayette County,Wisconsin,16137
Langlade County,Wisconsin,20740
Lincoln County,Wisconsin,29641
Manitowoc County,Wisconsin,82887
Marathon County,Wisconsin,125834
Marinette County,Wisconsin,43384
Marquette County,Wisconsin,15832
Menominee County,Wisconsin,4562
Milwaukee County,Wisconsin,940164
Monroe County,Wisconsin,40899
Oconto County,Wisconsin,35634
Oneida County,Wisconsin,36776
Outagamie County,Wisconsin,160971
Ozaukee County,Wisconsin,82317
Pepin County,Wisconsin,7213
Pierce County,Wisconsin,36804
Polk County,Wisconsin,41319
Portage County,Wisconsin,67182
Price County,Wisconsin,15822
Racine County,Wisconsin,188831
Richland County,Wisconsin,17924
Rock County,Wisconsin,152307
Rusk County,Wisconsin,15347
St. Croix County,Wisconsin,63155
Sauk County,Wisconsin,55225
Sawyer County,Wisconsin,16196
Shawano County,Wisconsin,40664
Sheboygan County,Wisconsin,112646
Taylor County,Wisconsin,19680
Trempealeau County,Wisconsin,27010
Vernon County,Wisconsin,28056
Vilas County,Wisconsin,21033
Walworth County,Wisconsin,93759
Washburn County,Wisconsin,16036
Washington County,Wisconsin,117493
Waukesha County,Wisconsin,360767
Waupaca County,Wisconsin,51731
Waushara County,Wisconsin,23154
Winnebago County,Wisconsin,156763
Wood County,Wisconsin,75555
Albany County,Wyoming,32014
Big Horn County,Wyoming,11461
Campbell County,Wyoming,33698
Carbon County,Wyoming,15639
Converse County,Wyoming,12052
Crook County,Wyoming,5887
Fremont County,Wyoming,35804
Goshen County,Wyoming,12538
Hot Springs County,Wyoming,4882
Johnson County,Wyoming,7075
Laramie County,Wyoming,81607
Lincoln County,Wyoming,14573
Natrona County,Wyoming,66533
Niobrara County,Wyoming,2407
Park County,Wyoming,25786
Platte County,Wyoming,8807
Sheridan County,Wyoming,26560
Sublette County,Wyoming,5920
Sweetwater County,Wyoming,37613
Teton County,Wyoming,18251
Uinta County,Wyoming,19742
Washakie County,Wyoming,8289
Weston County,Wyoming,6644